-- --------------------------------------------------------
-- 主机:                           127.0.0.1
-- 服务器版本:                        5.7.17 - MySQL Community Server (GPL)
-- 服务器操作系统:                      Win64
-- HeidiSQL 版本:                  9.4.0.5125
-- --------------------------------------------------------

/*!40101 SET @OLD_CHARACTER_SET_CLIENT=@@CHARACTER_SET_CLIENT */;
/*!40101 SET NAMES utf8 */;
/*!50503 SET NAMES utf8mb4 */;
/*!40014 SET @OLD_FOREIGN_KEY_CHECKS=@@FOREIGN_KEY_CHECKS, FOREIGN_KEY_CHECKS=0 */;
/*!40101 SET @OLD_SQL_MODE=@@SQL_MODE, SQL_MODE='NO_AUTO_VALUE_ON_ZERO' */;


-- 导出 west-studio 的数据库结构
CREATE DATABASE IF NOT EXISTS `west-studio` /*!40100 DEFAULT CHARACTER SET utf8 */;
USE `west-studio`;

-- 导出  表 west-studio.cms_article 结构
CREATE TABLE IF NOT EXISTS `cms_article` (
  `id` varchar(64) NOT NULL COMMENT '编号',
  `category_id` varchar(64) NOT NULL COMMENT '栏目编号',
  `title` varchar(255) NOT NULL COMMENT '标题',
  `link` varchar(255) DEFAULT NULL COMMENT '文章链接',
  `color` varchar(50) DEFAULT NULL COMMENT '标题颜色',
  `image` varchar(255) DEFAULT NULL COMMENT '文章图片',
  `keywords` varchar(255) DEFAULT NULL COMMENT '关键字',
  `description` varchar(255) DEFAULT NULL COMMENT '描述、摘要',
  `weight` int(11) DEFAULT '0' COMMENT '权重，越大越靠前',
  `weight_date` datetime DEFAULT NULL COMMENT '权重期限',
  `hits` int(11) DEFAULT '0' COMMENT '点击数',
  `posid` varchar(10) DEFAULT NULL COMMENT '推荐位，多选',
  `custom_content_view` varchar(255) DEFAULT NULL COMMENT '自定义内容视图',
  `view_config` text COMMENT '视图配置',
  `create_by` varchar(64) DEFAULT NULL COMMENT '创建者',
  `create_date` datetime DEFAULT NULL COMMENT '创建时间',
  `update_by` varchar(64) DEFAULT NULL COMMENT '更新者',
  `update_date` datetime DEFAULT NULL COMMENT '更新时间',
  `remarks` varchar(255) DEFAULT NULL COMMENT '备注信息',
  `del_flag` char(1) NOT NULL DEFAULT '0' COMMENT '删除标记',
  PRIMARY KEY (`id`),
  KEY `cms_article_create_by` (`create_by`),
  KEY `cms_article_title` (`title`),
  KEY `cms_article_keywords` (`keywords`),
  KEY `cms_article_del_flag` (`del_flag`),
  KEY `cms_article_weight` (`weight`),
  KEY `cms_article_update_date` (`update_date`),
  KEY `cms_article_category_id` (`category_id`)
) ENGINE=InnoDB DEFAULT CHARSET=utf8 COMMENT='文章表';

-- 正在导出表  west-studio.cms_article 的数据：~21 rows (大约)
/*!40000 ALTER TABLE `cms_article` DISABLE KEYS */;
INSERT INTO `cms_article` (`id`, `category_id`, `title`, `link`, `color`, `image`, `keywords`, `description`, `weight`, `weight_date`, `hits`, `posid`, `custom_content_view`, `view_config`, `create_by`, `create_date`, `update_by`, `update_date`, `remarks`, `del_flag`) VALUES
	('02bdcf8ca30844a8a33100fc0ee32193', '9', '2016-8-10日项目笔记', '', '', '', '', '', 0, NULL, 3, ',null,', '', '', 'b9cfb70b41c049baa62058c11be2a03b', '2016-08-10 22:35:50', 'b9cfb70b41c049baa62058c11be2a03b', '2017-02-26 17:47:40', NULL, '0'),
	('1', '3', '内蒙古女记者被丈夫殴打50分钟后身亡 饱受家暴多年', '', 'green', '', '关键字1,关键字2', '', 0, NULL, 5, ',null,', '', '', '1', '2013-05-27 08:00:00', '1', '2016-04-18 00:18:11', NULL, '0'),
	('14', '7', '基础平台导航', '', '', '', '关键字1,关键字2', '项目导航', 999, NULL, 52, ',1,2,', 'frontViewArticle', '', '1', '2013-05-27 08:00:00', '1', '2016-07-30 23:41:37', NULL, '0'),
	('15', '7', '项目信息', '', '', '', '关键字1,关键字2', '', 0, NULL, 3, ',null,', '', '', '1', '2013-05-27 08:00:00', '1', '2016-07-30 22:59:10', NULL, '0'),
	('16f9099f9bda4f7da3c816bac627c856', '1406647f8e1b48d990d273219392d87b', '', NULL, NULL, NULL, NULL, NULL, 0, NULL, 0, '', NULL, NULL, '1', '2017-03-12 23:01:29', '1', '2017-03-12 23:01:29', NULL, '0'),
	('18', '8', '【Linux】正确的关机方法', 'http://www.cnblogs.com/ningvsban/p/3663337.html', '', '', '关键字1,关键字2', '', 999, NULL, 2, ',1,2,', 'frontViewArticle', '', '1', '2013-05-27 08:00:00', '1', '2016-07-31 16:46:42', NULL, '0'),
	('2', '3', '小米巨屏新机定名&ldquo;小米Max&rdquo;：6.4吋屏', '', 'red', '', '关键字1,关键字2', '', 0, NULL, 7, ',null,', '', '', '1', '2013-05-27 08:00:00', '1', '2016-04-18 00:19:10', NULL, '1'),
	('25', '9', '2016-7-30项目笔记', '', '', '', '项目平台', '', 0, NULL, 5, ',null,', '', '', '1', '2013-05-27 08:00:00', '1', '2016-07-30 23:05:37', NULL, '0'),
	('2c0b50ded1814537b837f082296e9b6a', '', 'ces', NULL, NULL, NULL, NULL, NULL, 0, NULL, 0, '', NULL, NULL, '1', '2017-03-05 20:59:38', '1', '2017-03-05 20:59:38', NULL, '0'),
	('3', '3', '24岁&ldquo;无鼻男孩&rdquo;新鼻子成型：新爱好是自拍', '', '', '', '关键字1,关键字2', '', 0, NULL, 1, ',null,', '', '', '1', '2013-05-27 08:00:00', '1', '2016-04-18 00:19:31', NULL, '0'),
	('3e31c09165994d91bc4211e51f9eb2b0', '1406647f8e1b48d990d273219392d87b', '测速', '', '', '', '', 'ok', 0, NULL, 0, ',null,', '', '', '1', '2017-03-05 21:44:55', '1', '2017-03-05 21:45:22', NULL, '0'),
	('4', '3', '出游时千万不要和这些东西合影，小心招来横祸！切记！', '', 'green', '', '关键字1,关键字2', '', 0, NULL, 2, ',null,', '', '', '1', '2013-05-27 08:00:00', '1', '2016-04-18 00:22:11', NULL, '0'),
	('45ab98e394294717a7639237390edd11', '7', '软件交流网站-项目目标', '', '', '', '', '', 0, NULL, 4, ',null,', '', '', '1', '2016-07-30 23:21:26', 'b9cfb70b41c049baa62058c11be2a03b', '2016-08-01 21:25:24', NULL, '0'),
	('494c219c5aa0436dbd5c4d284ab1d8f9', '9', '2016-8-6日项目笔记', '', '', '', '', '', 0, NULL, 0, ',null,', '', '', 'b9cfb70b41c049baa62058c11be2a03b', '2016-08-06 17:40:33', 'b9cfb70b41c049baa62058c11be2a03b', '2016-08-06 17:40:33', NULL, '0'),
	('535ea69172fa4348aab87503c1f3c240', '1406647f8e1b48d990d273219392d87b', '吃或内容', '', '', '', '', '', 0, NULL, 1, ',null,', '', '', '1', '2017-03-05 21:06:36', '1', '2017-03-05 21:08:22', NULL, '0'),
	('7e648400357c4bf082206f01646b189e', '8', '代码生成字段描述', '', '', '', '', '', 0, NULL, 5, ',null,', '', '', 'b9cfb70b41c049baa62058c11be2a03b', '2016-09-15 14:26:35', 'b9cfb70b41c049baa62058c11be2a03b', '2016-09-15 20:06:24', NULL, '0'),
	('84cfd5b7d3fd4f90bedea18bcdbfd365', '9', '2016-8-9项目笔记', '', '', '', '', '', 0, NULL, 1, ',null,', '', '', 'b9cfb70b41c049baa62058c11be2a03b', '2016-08-09 22:49:57', 'b9cfb70b41c049baa62058c11be2a03b', '2016-08-09 22:49:57', NULL, '0'),
	('b4422c125ada4166a5490980071c5cca', '7', '基础平台-项目目标', '', '', '', '', '', 0, NULL, 7, ',null,', '', '', '1', '2016-07-30 23:20:41', '1', '2016-07-31 00:04:11', NULL, '0'),
	('c6090d9924e7451e9d8d0bfb43bcef67', '9', '2016-8-8日项目笔记', '', '', '', '', '', 0, NULL, 1, ',null,', '', '', 'b9cfb70b41c049baa62058c11be2a03b', '2016-08-08 23:11:31', 'b9cfb70b41c049baa62058c11be2a03b', '2016-08-08 23:11:31', NULL, '0'),
	('de1157bcb86a4bb69ba0c4e8ace0f90f', '9', '8-1日项目笔记', '', '', '', '', '', 0, NULL, 0, ',null,', '', '', 'b9cfb70b41c049baa62058c11be2a03b', '2016-08-01 22:30:22', 'b9cfb70b41c049baa62058c11be2a03b', '2016-08-01 22:30:22', NULL, '0'),
	('ea10ec8d49ea4de2a51ced437c6c83ee', '1406647f8e1b48d990d273219392d87b', '测试', '', '', '', '', '', 0, NULL, 4, ',null,', '', '', '1', '2017-02-26 20:14:15', '1', '2017-02-26 20:47:24', NULL, '0');
/*!40000 ALTER TABLE `cms_article` ENABLE KEYS */;

-- 导出  表 west-studio.cms_article_data 结构
CREATE TABLE IF NOT EXISTS `cms_article_data` (
  `id` varchar(64) NOT NULL COMMENT '编号',
  `content` text COMMENT '文章内容',
  `copyfrom` varchar(255) DEFAULT NULL COMMENT '文章来源',
  `relation` varchar(255) DEFAULT NULL COMMENT '相关文章',
  `allow_comment` char(1) DEFAULT NULL COMMENT '是否允许评论',
  PRIMARY KEY (`id`)
) ENGINE=InnoDB DEFAULT CHARSET=utf8 COMMENT='文章详表';

-- 正在导出表  west-studio.cms_article_data 的数据：~66 rows (大约)
/*!40000 ALTER TABLE `cms_article_data` DISABLE KEYS */;
INSERT INTO `cms_article_data` (`id`, `content`, `copyfrom`, `relation`, `allow_comment`) VALUES
	('02bdcf8ca30844a8a33100fc0ee32193', '<p>\r\n	<img alt="" src="/web/userfiles/b9cfb70b41c049baa62058c11be2a03b/images/cms/article/2017/02/30.jpg" style="width: 646px; height: 408px;" />今天用2小时 8点到10点半</p>\r\n<p>\r\n	修复图片上传bug，图片都同步了。各页面都能正常显示。</p>\r\n<p>\r\n	下一步继续调试优化界面。使项目初步可用。</p>\r\n<p>\r\n	&nbsp;</p>\r\n<p>\r\n	完成上线后，把west融入项目。打造经典案例。</p>\r\n<p>\r\n	并且优化rpc功能。</p>', '', '', '1'),
	('1', '<p style="margin: 0px; padding: 12px 0px; color: rgb(56, 56, 56); font-family: simsun; font-size: 16px; line-height: 29.6px; white-space: normal; text-align: center;">\r\n	<img alt="死者红梅身前工作照。" src="http://img2.utuku.china.com/600x0/news/20160417/4cd81ffa-a3a3-4e81-8df6-d680f23edcaf.jpg" /></p>\r\n<p class="news_img_title" style="margin: 0px; padding: 12px 0px; color: rgb(102, 102, 102); font-size: 12px; line-height: 19.2px; text-align: center; font-family: simsun; white-space: normal;">\r\n	<cite style="font-style: normal; display: inline-block; text-align: left; text-indent: 2em;">死者红梅身前工作照。</cite></p>\r\n<p style="margin: 0px; padding: 12px 0px; color: rgb(56, 56, 56); font-family: simsun; font-size: 16px; line-height: 29.6px; white-space: normal;">\r\n	&nbsp;&nbsp;&nbsp;&nbsp;4月6日，内蒙古鄂尔多斯杭锦旗广播电影电视服务中心汉语新闻部办公室副主任红梅疑遭家暴后身亡。</p>\r\n<p style="margin: 0px; padding: 12px 0px; color: rgb(56, 56, 56); font-family: simsun; font-size: 16px; line-height: 29.6px; white-space: normal;">\r\n	&nbsp;&nbsp;&nbsp;&nbsp;4月16日，澎湃新闻向杭锦旗公安局刑侦大队了解到，红梅的丈夫金柱目前已因涉嫌故意伤害被刑拘。警方并未透露调查详情，称案件正在进一步调查中。</p>\r\n<p style="margin: 0px; padding: 12px 0px; color: rgb(56, 56, 56); font-family: simsun; font-size: 16px; line-height: 29.6px; white-space: normal;">\r\n	&nbsp;&nbsp;&nbsp;&nbsp;红梅的姐姐咏梅称，多年来，红梅一直饱受家暴，在其死亡的前一天晚上，红梅的儿子（小雅）曾亲眼目睹与同事吃完饭回家的母亲被父亲拖到车上殴打长达五十分钟。4月6日下午，小雅（化名）放学后，见妈妈没去接他，于是自己跑回家，发现大门从里面锁死了，门内传出爸爸对妈妈的叫喊声。孩子心里害怕，跑到了外婆家。当晚7点多，咏梅得知后，带着小雅一起赶到红梅家，此时120急救人员已经在对红梅进行抢救，红梅的丈夫金柱正在房间里来回走动。</p>\r\n<p style="margin: 0px; padding: 12px 0px; color: rgb(56, 56, 56); font-family: simsun; font-size: 16px; line-height: 29.6px; white-space: normal;">\r\n	&nbsp;&nbsp;&nbsp;&nbsp;急救医生说，红梅瞳孔已经扩散，救不回来了。随后，急救医生随车保安拨打110报警，警方赶到后，将金柱带走。</p>\r\n<p style="margin: 0px; padding: 12px 0px; color: rgb(56, 56, 56); font-family: simsun; font-size: 16px; line-height: 29.6px; white-space: normal;">\r\n	&nbsp;&nbsp;&nbsp;&nbsp;4月7日，杭锦旗公安局法医在杭锦旗殡仪馆对尸体进行检验，目前还未出具检验结果。咏梅的小姨其其格称，在尸检现场看到红梅全身多处淤青及伤痕。</p>\r\n<p style="margin: 0px; padding: 12px 0px; color: rgb(56, 56, 56); font-family: simsun; font-size: 16px; line-height: 29.6px; white-space: normal; text-align: center;">\r\n	<img alt="2013年红梅遭家暴入院后的CT检查报告单。 " src="http://img3.utuku.china.com/600x0/news/20160417/9cdeb902-4bf5-4838-9d27-127b29ad408e.jpg" /></p>\r\n<p class="news_img_title" style="margin: 0px; padding: 12px 0px; color: rgb(102, 102, 102); font-size: 12px; line-height: 19.2px; text-align: center; font-family: simsun; white-space: normal;">\r\n	<cite style="font-style: normal; display: inline-block; text-align: left; text-indent: 2em;">2013年红梅遭家暴入院后的CT检查报告单。</cite></p>\r\n<p style="margin: 0px; padding: 12px 0px; color: rgb(56, 56, 56); font-family: simsun; font-size: 16px; line-height: 29.6px; white-space: normal;">\r\n	&nbsp;&nbsp;&nbsp;&nbsp;据红梅家人透露，红梅今年41岁，金柱比她大2岁，在杭锦旗一局机关工作，两人结婚已经15年。多年来，红梅常常找姐姐咏梅倾诉自己受家暴的经历，最严重的一次是2013年10月，红梅就因为受到家暴而住进了医院。家属出示的一份CT检查报告单显示，2013年10月17日，红梅的伤情为&ldquo;枕骨粉碎性凹陷性骨折&rdquo;。</p>\r\n<p style="margin: 0px; padding: 12px 0px; color: rgb(56, 56, 56); font-family: simsun; font-size: 16px; line-height: 29.6px; white-space: normal;">\r\n	&nbsp;&nbsp;&nbsp;&nbsp;红梅在鄂尔多斯杭锦旗广播电影电视服务中心工作，是汉语新闻部办公室副主任。爱说话，为他人着想，是红梅留给别人的印象。其单位同事王蓉说，红梅平时工作认真，&ldquo;如果有采访任务的话，也会完成得比我们好。&rdquo;</p>\r\n<p style="margin: 0px; padding: 12px 0px; color: rgb(56, 56, 56); font-family: simsun; font-size: 16px; line-height: 29.6px; white-space: normal;">\r\n	&nbsp;&nbsp;&nbsp;&nbsp;红梅的家人曾多次劝她离婚，但是红梅有很多牵挂和顾虑。姐姐咏梅对澎湃新闻说：&ldquo;红梅也想离婚，但是她说要是离婚了的话，孩子就生活在单亲家庭中，对孩子的成长不好。&rdquo;<span class="artiLogo"><a href="http://news.china.com/" style="color: rgb(37, 37, 37); text-decoration: underline;" target="_blank" title="新闻频道"><img alt="新闻频道" height="16" src="http://img03.imgcdc.com/smallpic/articleLogo.png" style="display: inline; margin-top: -5px;" width="16" /></a></span></p>', '来源', '1,2,3,', '1'),
	('10', '文章内容内容内容内容', '来源', '1,2,3', '1'),
	('11', '文章内容内容内容内容', '来源', '1,2,3', '1'),
	('12', '文章内容内容内容内容', '来源', '1,2,3', '1'),
	('13', '文章内容内容内容内容', '来源', '1,2,3', '1'),
	('14', '<p>\r\n	[<a href="http://ci.bucuoa.com" target="_blank">jenkins</a>] [<a href="http://nexus.bucuoa.com/nexus" target="_blank">maven nexus</a>]</p>\r\n<p>\r\n	&nbsp;</p>\r\n<p>\r\n	<a href="http://ci.bucuoa.com" target="_blank"><img alt="" src="http://static.bucuoa.com/logos/jekins.jpg" style="width: 250px; height: 81px; float: left; border-width: 1px; border-style: solid;" title="访问jenkins" /></a></p>\r\n<p>\r\n	&nbsp;</p>\r\n<p>\r\n	&nbsp;</p>\r\n<p>\r\n	&nbsp;</p>\r\n<p>\r\n	&nbsp;</p>\r\n<p>\r\n	<a href="http://nexus.bucuoa.com/nexus" target="_blank"><img alt="" src="http://static.bucuoa.com/logos/nexus.jpg" style="width: 117px; height: 81px; border-width: 1px; border-style: solid;" title="访问maven私服" /></a></p>\r\n<p>\r\n	&nbsp;</p>\r\n<p>\r\n	<a href="https://192.168.1.250/svn" target="_blank"><img alt="" src="http://static.bucuoa.com/logos/svn.jpg" style="height: 81px; border-width: 1px; border-style: solid; width: 300px;" title="访问代码库" /></a></p>', '项目', '', '1'),
	('15', '<p>\r\n	group</p>', '来源', '1,2,3,', '1'),
	('16', '文章内容内容内容内容', '来源', '1,2,3', '1'),
	('16f9099f9bda4f7da3c816bac627c856', '', NULL, NULL, '1'),
	('17', '文章内容内容内容内容', '来源', '1,2,3', '1'),
	('18', '<p align="left" style="margin: 10px auto; padding: 0px; color: rgb(0, 0, 0); font-family: Verdana, Arial, Helvetica, sans-serif; line-height: 21px; white-space: normal;">\r\n	　<strong style="margin: 0px; padding: 0px;"><span style="margin: 0px; padding: 0px; color: rgb(255, 0, 0);">1）shutdown命令</span></strong></p>\r\n<p align="left" style="margin: 10px auto; padding: 0px; color: rgb(0, 0, 0); font-family: Verdana, Arial, Helvetica, sans-serif; line-height: 21px; white-space: normal;">\r\n	　　我们较常使用的是shutdown这个命令，这个命令可以安全地关闭或重启Linux<a href="http://www.2cto.com/os/" style="margin: 0px; padding: 0px; color: black; text-decoration: underline;" target="_blank">系统</a>，它在系统关闭之前给系统上的所有登录用户提示一条警告信息。该命令还允许用户指定一个时间参数，可以是一个精确的时间，也可以是从现在开始的一个时间段。精确时间的格式是hh:mm，表示小时和分钟，时间段由+ 和分钟数表示。系统执行该命令后会自动进行数据同步的工作。需要特别说明的是该命令只能由超级用户使用。shutdown可以达成如下的工作：</p>\r\n<ul style="margin: 0px 0px 0px 30px; padding-right: 0px; padding-left: 0px; word-break: break-all; color: rgb(0, 0, 0); font-family: Verdana, Arial, Helvetica, sans-serif; line-height: 21px; white-space: normal;">\r\n	<li style="margin: 0px 0px 1em; padding: 0px; list-style: disc;">\r\n		可以自由选择关机模式：是要关机、重新启动或进入单人操作模式均可；</li>\r\n	<li style="margin: 0px 0px 1em; padding: 0px; list-style: disc;">\r\n		可以配置关机时间：可以配置成现在立刻关机, 也可以配置某一个特定的时间才关机。</li>\r\n	<li style="margin: 0px 0px 1em; padding: 0px; list-style: disc;">\r\n		可以自定义关机信息：在关机之前，可以将自己配置的信息传送给在线user 。</li>\r\n	<li style="margin: 0px 0px 1em; padding: 0px; list-style: disc;">\r\n		可以仅发出警告信息：有时有可能你要进行一些测试，而不想让其他的使用者干扰，或者是明白的告诉使用者某段时间要注意一下！这个时候可以使用 shutdown 来吓一吓使用者，但却不是真的要关机！</li>\r\n	<li style="margin: 0px 0px 1em; padding: 0px; list-style: disc;">\r\n		可以选择是否要fsck检查文件系统。</li>\r\n</ul>\r\n<p style="margin: 10px auto; padding: 0px; color: rgb(0, 0, 0); font-family: Verdana, Arial, Helvetica, sans-serif; line-height: 21px; white-space: normal;">\r\n	　　我们可以用man命令来查看其用法，用法如下：</p>\r\n<div class="cnblogs_code" style="margin: 5px 0px; padding: 5px; border: 1px solid rgb(204, 204, 204); overflow: auto; color: rgb(0, 0, 0); white-space: normal; font-family: \'Courier New\' !important; font-size: 12px !important; background-color: rgb(245, 245, 245);">\r\n	<div class="cnblogs_code_toolbar" style="margin: 5px 0px 0px; padding: 0px;">\r\n		<span class="cnblogs_code_copy" style="margin: 0px; padding: 0px 5px 0px 0px; line-height: 1.5 !important;"><a style="margin: 0px; padding: 0px; color: black; text-decoration: underline; border: none !important;" title="复制代码"><img alt="复制代码" src="http://common.cnblogs.com/images/copycode.gif" style="margin: 0px; padding: 0px; max-width: 900px; border-style: none !important; border-width: initial !important;" /></a></span></div>\r\n	<pre style="margin-top: 0px; margin-bottom: 0px; padding: 0px; font-family: \'Courier New\' !important;">\r\n[root@www ~]<span style="margin: 0px; padding: 0px; color: rgb(0, 128, 0); line-height: 1.5 !important;">#</span><span style="margin: 0px; padding: 0px; color: rgb(0, 128, 0); line-height: 1.5 !important;"> /sbin/shutdown [-t 秒] [-arkhncfF] 时间 [警告信息]</span>\r\n<span style="margin: 0px; padding: 0px; line-height: 1.5 !important;">\r\n选项与参数：\r\n\r\n</span>-t sec ： -<span style="margin: 0px; padding: 0px; line-height: 1.5 !important;">t 后面加秒数，亦即『过几秒后关机』的意思\r\n\r\n</span>-<span style="margin: 0px; padding: 0px; line-height: 1.5 !important;">k     ： 不要真的关机，只是发送警告信息出去！\r\n\r\n</span>-<span style="margin: 0px; padding: 0px; line-height: 1.5 !important;">r     ： 在将系统的服务停掉之后就重新启动(常用)\r\n\r\n</span>-<span style="margin: 0px; padding: 0px; line-height: 1.5 !important;">h     ： 将系统的服务停掉后，立即关机。 (常用)\r\n\r\n</span>-<span style="margin: 0px; padding: 0px; line-height: 1.5 !important;">n     ： 不经过 init 程序，直接以 shutdown 的功能来关机\r\n\r\n</span><span style="margin: 0px; padding: 0px; color: rgb(0, 128, 128); line-height: 1.5 !important;">-f</span><span style="margin: 0px; padding: 0px; line-height: 1.5 !important;">     ： 关机并启动之后，强制略过 fsck 的磁盘检查\r\n\r\n</span><span style="margin: 0px; padding: 0px; color: rgb(0, 128, 128); line-height: 1.5 !important;">-F</span><span style="margin: 0px; padding: 0px; line-height: 1.5 !important;">     ： 系统重新启动之后，强制进行 fsck 的磁盘检查\r\n\r\n</span>-<span style="margin: 0px; padding: 0px; line-height: 1.5 !important;">c     ： 取消已经在进行的 shutdown 命令内容。\r\n\r\n时间   ： 这是一定要加入的参数！指定系统关机的时间！时间的范例底下会说明。\r\n\r\n范例：\r\n\r\n[root</span>@www ~]<span style="margin: 0px; padding: 0px; color: rgb(0, 128, 0); line-height: 1.5 !important;">#</span><span style="margin: 0px; padding: 0px; color: rgb(0, 128, 0); line-height: 1.5 !important;"> /sbin/shutdown -h 10 &#39;I will shutdown after 10 mins&#39;</span>\r\n\r\n<span style="margin: 0px; padding: 0px; color: rgb(0, 128, 0); line-height: 1.5 !important;">#</span><span style="margin: 0px; padding: 0px; color: rgb(0, 128, 0); line-height: 1.5 !important;"> 告诉大家，这部机器会在十分钟后关机！并且会显示在目前登陆者的屏幕前方！</span>\r\n\r\n<span style="margin: 0px; padding: 0px; color: rgb(0, 128, 0); line-height: 1.5 !important;">#</span><span style="margin: 0px; padding: 0px; color: rgb(0, 128, 0); line-height: 1.5 !important;"> 至于参数有哪些呢？以下介绍几个吧！</span></pre>\r\n	<div class="cnblogs_code_toolbar" style="margin: 5px 0px 0px; padding: 0px;">\r\n		<span class="cnblogs_code_copy" style="margin: 0px; padding: 0px 5px 0px 0px; line-height: 1.5 !important;"><a style="margin: 0px; padding: 0px; color: black; text-decoration: underline; border: none !important;" title="复制代码"><img alt="复制代码" src="http://common.cnblogs.com/images/copycode.gif" style="margin: 0px; padding: 0px; max-width: 900px; border-style: none !important; border-width: initial !important;" /></a></span></div>\r\n</div>\r\n<p style="margin: 10px auto; padding: 0px; color: rgb(0, 0, 0); font-family: Verdana, Arial, Helvetica, sans-serif; line-height: 21px; white-space: normal;">\r\n	<span style="margin: 0px; padding: 0px; line-height: 1.5;">　　下面提供几个时间参数的例子吧：</span></p>\r\n<div class="cnblogs_code" style="margin: 5px 0px; padding: 5px; border: 1px solid rgb(204, 204, 204); overflow: auto; color: rgb(0, 0, 0); white-space: normal; font-family: \'Courier New\' !important; font-size: 12px !important; background-color: rgb(245, 245, 245);">\r\n	<div class="cnblogs_code_toolbar" style="margin: 5px 0px 0px; padding: 0px;">\r\n		<span class="cnblogs_code_copy" style="margin: 0px; padding: 0px 5px 0px 0px; line-height: 1.5 !important;"><a style="margin: 0px; padding: 0px; color: black; text-decoration: underline; border: none !important;" title="复制代码"><img alt="复制代码" src="http://common.cnblogs.com/images/copycode.gif" style="margin: 0px; padding: 0px; max-width: 900px; border-style: none !important; border-width: initial !important;" /></a></span></div>\r\n	<pre style="margin-top: 0px; margin-bottom: 0px; padding: 0px; font-family: \'Courier New\' !important;">\r\n[root@www ~]<span style="margin: 0px; padding: 0px; color: rgb(0, 128, 0); line-height: 1.5 !important;">#</span><span style="margin: 0px; padding: 0px; color: rgb(0, 128, 0); line-height: 1.5 !important;"> shutdown -h now</span>\r\n<span style="margin: 0px; padding: 0px; line-height: 1.5 !important;">\r\n立刻关机，其中 now 相当于时间为 </span>0<span style="margin: 0px; padding: 0px; line-height: 1.5 !important;"> 的状态\r\n\r\n[root</span>@www ~]<span style="margin: 0px; padding: 0px; color: rgb(0, 128, 0); line-height: 1.5 !important;">#</span><span style="margin: 0px; padding: 0px; color: rgb(0, 128, 0); line-height: 1.5 !important;"> shutdown -h 20:25</span>\r\n<span style="margin: 0px; padding: 0px; line-height: 1.5 !important;">\r\n系统在今天的 </span>20:25<span style="margin: 0px; padding: 0px; line-height: 1.5 !important;"> 分会关机，若在21:25才下达此命令，则隔天才关机\r\n\r\n[root</span>@www ~]<span style="margin: 0px; padding: 0px; color: rgb(0, 128, 0); line-height: 1.5 !important;">#</span><span style="margin: 0px; padding: 0px; color: rgb(0, 128, 0); line-height: 1.5 !important;"> shutdown -h +10</span>\r\n<span style="margin: 0px; padding: 0px; line-height: 1.5 !important;">\r\n系统再过十分钟后自动关机\r\n\r\n[root</span>@www ~]<span style="margin: 0px; padding: 0px; color: rgb(0, 128, 0); line-height: 1.5 !important;">#</span><span style="margin: 0px; padding: 0px; color: rgb(0, 128, 0); line-height: 1.5 !important;"> shutdown -r now</span>\r\n<span style="margin: 0px; padding: 0px; line-height: 1.5 !important;">\r\n系统立刻重新启动\r\n\r\n[root</span>@www ~]<span style="margin: 0px; padding: 0px; color: rgb(0, 128, 0); line-height: 1.5 !important;">#</span><span style="margin: 0px; padding: 0px; color: rgb(0, 128, 0); line-height: 1.5 !important;"> shutdown -r +30 &#39;The system will reboot&#39;  </span>\r\n<span style="margin: 0px; padding: 0px; line-height: 1.5 !important;">\r\n再过三十分钟系统会重新启动，并显示后面的信息给所有在在线的使用者\r\n\r\n[root</span>@www ~]<span style="margin: 0px; padding: 0px; color: rgb(0, 128, 0); line-height: 1.5 !important;">#</span><span style="margin: 0px; padding: 0px; color: rgb(0, 128, 0); line-height: 1.5 !important;"> shutdown -k now &#39;This system will reboot&#39;  </span>\r\n<span style="margin: 0px; padding: 0px; line-height: 1.5 !important;">\r\n仅发出警告信件的参数！系统并不会关机啦！吓唬人！</span></pre>\r\n	<div class="cnblogs_code_toolbar" style="margin: 5px 0px 0px; padding: 0px;">\r\n		<span class="cnblogs_code_copy" style="margin: 0px; padding: 0px 5px 0px 0px; line-height: 1.5 !important;"><a style="margin: 0px; padding: 0px; color: black; text-decoration: underline; border: none !important;" title="复制代码"><img alt="复制代码" src="http://common.cnblogs.com/images/copycode.gif" style="margin: 0px; padding: 0px; max-width: 900px; border-style: none !important; border-width: initial !important;" /></a></span></div>\r\n</div>\r\n<p align="left" style="margin: 10px auto; padding: 0px; color: rgb(0, 0, 0); font-family: Verdana, Arial, Helvetica, sans-serif; line-height: 21px; white-space: normal;">\r\n	<span style="margin: 0px; padding: 0px; color: rgb(255, 0, 0);"><span style="margin: 0px; padding: 0px; color: rgb(0, 0, 0); line-height: 1.5;">　<span style="margin: 0px; padding: 0px; color: rgb(255, 0, 0);"><strong style="margin: 0px; padding: 0px;">　2）reboot，halt与poweroff</strong></span></span></span></p>\r\n<p align="left" style="margin: 10px auto; padding: 0px; color: rgb(0, 0, 0); font-family: Verdana, Arial, Helvetica, sans-serif; line-height: 21px; white-space: normal;">\r\n	<span style="margin: 0px; padding: 0px; color: rgb(255, 0, 0);"><span style="margin: 0px; padding: 0px; color: rgb(0, 0, 0); line-height: 1.5;">　　还有三个命令可以进行重新启动与关机的任务，那就是reboot, halt, poweroff。 其实这三个命令调用的函式库都差不多，所以当你使用『man reboot』时，会同时出现三个命令的用法给你看，如下图所示：</span>　　</span></p>\r\n<p align="left" style="margin: 10px auto; padding: 0px; color: rgb(0, 0, 0); font-family: Verdana, Arial, Helvetica, sans-serif; line-height: 21px; white-space: normal;">\r\n	<img alt="" src="http://images.cnitblog.com/i/459322/201404/140947255103260.png" style="margin: 0px; padding: 0px; max-width: 900px;" /></p>\r\n<p align="left" style="margin: 10px auto; padding: 0px; color: rgb(0, 0, 0); font-family: Verdana, Arial, Helvetica, sans-serif; line-height: 21px; white-space: normal;">\r\n	　<strong style="margin: 0px; padding: 0px;">　<span style="margin: 0px; padding: 0px; color: rgb(255, 0, 0);">3）其他的关机命令</span></strong></p>\r\n<p align="left" style="margin: 10px auto; padding: 0px; color: rgb(0, 0, 0); font-family: Verdana, Arial, Helvetica, sans-serif; line-height: 21px; white-space: normal;">\r\n	　　Linux共有七种运行等级</p>\r\n<ul style="margin: 0px 0px 0px 30px; padding-right: 0px; padding-left: 0px; word-break: break-all; color: rgb(0, 0, 0); font-family: Verdana, Arial, Helvetica, sans-serif; line-height: 21px; white-space: normal;">\r\n	<li style="margin: 0px 0px 1em; padding: 0px; list-style: disc;">\r\n		run level 0：关机</li>\r\n	<li style="margin: 0px 0px 1em; padding: 0px; list-style: disc;">\r\n		run level 3：纯文本模式</li>\r\n	<li style="margin: 0px 0px 1em; padding: 0px; list-style: disc;">\r\n		run level 5：含有图形接口模式</li>\r\n	<li style="margin: 0px 0px 1em; padding: 0px; list-style: disc;">\r\n		run level 6：重新启动</li>\r\n</ul>\r\n<p align="left" style="margin: 10px auto; padding: 0px; color: rgb(0, 0, 0); font-family: Verdana, Arial, Helvetica, sans-serif; line-height: 21px; white-space: normal;">\r\n	&nbsp;&nbsp;&nbsp;&nbsp;&nbsp;&nbsp; 那如何切换各模式呢？可以使用init这个命令来处理！也就是说，如果你想要关机的话，除了上述的shutdown -h now以及poweroff之外，你也可以使用如下的命令来关机：</p>\r\n<div class="cnblogs_code" style="margin: 5px 0px; padding: 5px; border: 1px solid rgb(204, 204, 204); overflow: auto; color: rgb(0, 0, 0); white-space: normal; font-family: \'Courier New\' !important; font-size: 12px !important; background-color: rgb(245, 245, 245);">\r\n	<pre style="margin-top: 0px; margin-bottom: 0px; padding: 0px; font-family: \'Courier New\' !important;">\r\n[root@www ~]<span style="margin: 0px; padding: 0px; color: rgb(0, 128, 0); line-height: 1.5 !important;">#</span><span style="margin: 0px; padding: 0px; color: rgb(0, 128, 0); line-height: 1.5 !important;"> init 0</span></pre>\r\n</div>\r\n<p>\r\n	&nbsp;</p>', '互联网', '', '1'),
	('19', '文章内容内容内容内容', '来源', '1,2,3', '1'),
	('2', '<p style="margin: 0px 0px 25px; padding: 0px; text-indent: 28px; color: rgb(43, 43, 43); font-family: simsun, arial, helvetica, clean, sans-serif; line-height: 24px; white-space: normal;">\r\n	在经历了几天的投票之后，小米的巨屏新机命名终于确认了。</p>\r\n<p style="margin: 0px 0px 25px; padding: 0px; text-indent: 28px; color: rgb(43, 43, 43); font-family: simsun, arial, helvetica, clean, sans-serif; line-height: 24px; white-space: normal;">\r\n	按照小米手机官方微博的说法，<strong>两天以来在微博、小米社区和MIUI论坛共有24.5万人参与小米大屏手机的命名投票活动，最终小米Max以116294票成为用户最喜爱的名字。</strong></p>\r\n<p style="margin: 0px 0px 25px; padding: 0px; text-indent: 28px; color: rgb(43, 43, 43); font-family: simsun, arial, helvetica, clean, sans-serif; line-height: 24px; white-space: normal;">\r\n	所以，小米史上最大屏的手机命名也就最终确认了，它就是小米Max。</p>\r\n<p style="margin: 0px 0px 25px; padding: 0px; text-indent: 28px; color: rgb(43, 43, 43); font-family: simsun, arial, helvetica, clean, sans-serif; line-height: 24px; white-space: normal;">\r\n	按照此前的说法，<strong>小米Max有望搭载6.4英寸巨屏，而且可能还是金属机身设计</strong>，至于全网通、指纹识别、骁龙820处理器等配置也不会少。</p>\r\n<p style="margin: 0px 0px 25px; padding: 0px; text-indent: 28px; color: rgb(43, 43, 43); font-family: simsun, arial, helvetica, clean, sans-serif; line-height: 24px; white-space: normal;">\r\n	至于发布时间，既然小米都开始造势了，你觉得还会远吗？</p>\r\n<p class="detailPic" style="margin: 0px auto 10px; padding: 0px; text-indent: 28px; text-align: center; color: rgb(43, 43, 43); font-family: simsun, arial, helvetica, clean, sans-serif; line-height: 24px; white-space: normal;">\r\n	<img alt="" height="1763" src="http://y1.ifengimg.com/a/2016_16/ac2d4b283fae7fb.jpg" style="vertical-align: bottom; display: block; margin: 0px auto;" width="500" /></p>', '来源', '1,2,3,', '1'),
	('20', '文章内容内容内容内容', '来源', '1,2,3', '1'),
	('21', '文章内容内容内容内容', '来源', '1,2,3', '1'),
	('22', '文章内容内容内容内容', '来源', '1,2,3', '1'),
	('23', '文章内容内容内容内容', '来源', '1,2,3', '1'),
	('24', '文章内容内容内容内容', '来源', '1,2,3', '1'),
	('25', '<p>\r\n	整理了一套开发框架，工具包都maven项目化。</p>\r\n<p>\r\n	sshd工具包已经发布到私服。</p>', '来源', '1,2,3,', '1'),
	('26', '文章内容内容内容内容', '来源', '1,2,3', '1'),
	('27', '文章内容内容内容内容', '来源', '1,2,3', '1'),
	('28', '文章内容内容内容内容', '来源', '1,2,3', '1'),
	('29', '文章内容内容内容内容', '来源', '1,2,3', '1'),
	('2c0b50ded1814537b837f082296e9b6a', '', NULL, NULL, '1'),
	('3', '<p style="margin: 0px 0px 20px; padding: 0px; color: rgb(48, 48, 48); font-family: 宋体; line-height: 28px; white-space: normal;">\r\n	摘要：次手术前的&ldquo;无鼻男孩&rdquo;李明。如今24岁的李明刚出生时因没有鼻子便被父母丢弃，后被好心村民捡回收养。李明告诉记者，自从&ldquo;长&rdquo;了新鼻子以后，自己多了一个爱好&mdash;&mdash;用手机自拍发朋友圈。</p>\r\n<center style="color: rgb(48, 48, 48); font-family: 宋体; line-height: 28px; white-space: normal;">\r\n	<img src="http://pic.dbw.cn/0/09/13/13/9131374_364153.jpg" style="margin: 0px; padding: 0px;" /></center>\r\n<p style="margin: 0px 0px 20px; padding: 0px; color: rgb(48, 48, 48); font-family: 宋体; line-height: 28px; white-space: normal; text-align: center;">\r\n	　　&ldquo;无鼻男孩&rdquo;李明术前接受复查。张浪摄</p>\r\n<p style="margin: 0px 0px 20px; padding: 0px; color: rgb(48, 48, 48); font-family: 宋体; line-height: 28px; white-space: normal;">\r\n	　　中新网成都4月16日电(记者张浪)16日下午1时许，成都&ldquo;无鼻男孩&rdquo;李明经过3个小时的手术，走出手术室。这是李明在2015年6月底首期手术以来，接受的第四期也是最后一期鼻子手术，医生此次对李明的新鼻子进行微雕，使鼻子更有棱角。</p>\r\n<p style="margin: 0px 0px 20px; padding: 0px; color: rgb(48, 48, 48); font-family: 宋体; line-height: 28px; white-space: normal;">\r\n	　　走出手术后，李明笑着告诉记者，这是个新的开始，相信自己以后肯定会有更喜人的变化。自己一直都梦想着存点钱，让爸爸过上好日子，现在有了新鼻子和正常的面貌，看来已经在向目标迈近了。</p>\r\n<p style="margin: 0px 0px 20px; padding: 0px; color: rgb(48, 48, 48); font-family: 宋体; line-height: 28px; white-space: normal;">\r\n	　　当日为李明进行手术的医生、四川悦好医学美容医院技术院长、上海第九人民医院整形外科博士王衡健介绍，李明前三期手术都很成功，四期手术主要有两个目的：一是鼻部皮瓣修薄，二是恢复鼻部精细结构，归根结底就是要让鼻子更美观。王衡健说，鼻子看起来小，但却有20多个亚单位，这次手术就是要尽可能将这20多个亚单位恢复到最佳状态。同时，四期手术结束后李明鼻部的通气将得到改善。</p>', '来源', '1,2,3,', '1'),
	('30', '文章内容内容内容内容', '来源', '1,2,3', '1'),
	('31', '文章内容内容内容内容', '来源', '1,2,3', '1'),
	('32', '文章内容内容内容内容', '来源', '1,2,3', '1'),
	('33', '文章内容内容内容内容', '来源', '1,2,3', '1'),
	('34', '文章内容内容内容内容', '来源', '1,2,3', '1'),
	('35', '文章内容内容内容内容', '来源', '1,2,3', '1'),
	('36', '文章内容内容内容内容', '来源', '1,2,3', '1'),
	('37', '文章内容内容内容内容', '来源', '1,2,3', '1'),
	('38', '文章内容内容内容内容', '来源', '1,2,3', '1'),
	('39', '文章内容内容内容内容', '来源', '1,2,3', '1'),
	('3e31c09165994d91bc4211e51f9eb2b0', '<p>\r\n	啊啊啊啊啊</p>', '', '', '1'),
	('4', '<p style="margin: 12px 0px; padding: 0px; font-family: 微软雅黑; color: rgb(0, 0, 0); font-size: 16px; line-height: 28.8px; white-space: normal;">\r\n	▌<strong style="margin: 0px; padding: 0px;">1、不要与很久年代的衣物、家居合影</strong></p>\r\n<p style="margin: 12px 0px; padding: 0px; font-family: 微软雅黑; color: rgb(0, 0, 0); font-size: 16px; line-height: 28.8px; white-space: normal;">\r\n	　　一些人到故宫玩，往往趁工作人员不注意，偷偷溜进去坐在皇上或大臣用过的椅子上拍照，甚至还想上龙床拍照、甚或穿上太监穿过的衣衫拍照，如果得逞，那么，麻烦很可能随之而来。</p>\r\n<p style="margin: 12px 0px; padding: 0px; font-family: 微软雅黑; color: rgb(0, 0, 0); font-size: 16px; line-height: 28.8px; white-space: normal;">\r\n	　　▌<strong style="margin: 0px; padding: 0px;">2、不要随便与他人合影</strong></p>\r\n<p style="margin: 12px 0px; padding: 0px; font-family: 微软雅黑; color: rgb(0, 0, 0); font-size: 16px; line-height: 28.8px; white-space: normal;">\r\n	　　北方某饭馆请一长相酷似某伟人的人坐堂，不少食客于是频频与他合影。后来该坐堂人不幸过世，结果不少与其合过影者那一段时间日子都不好过。</p>\r\n<p style="margin: 12px 0px; padding: 0px; font-family: 微软雅黑; color: rgb(0, 0, 0); font-size: 16px; line-height: 28.8px; white-space: normal;">\r\n	　　▌<strong style="margin: 0px; padding: 0px;">3、外出游览，千万不要与千年老树、百年老屋合影</strong></p>\r\n<p style="margin: 12px 0px; padding: 0px; font-family: 微软雅黑; color: rgb(0, 0, 0); font-size: 16px; line-height: 28.8px; white-space: normal;">\r\n	　　有那些东西，你懂的。</p>\r\n<p style="margin: 12px 0px; padding: 0px; font-family: 微软雅黑; color: rgb(0, 0, 0); font-size: 16px; line-height: 28.8px; white-space: normal; text-align: center;">\r\n	<img alt="出游时千万不要和这些东西合影，小心招来横祸！切记！" id="33456936" src="http://imgnews.gmw.cn/attachement/jpg/site2/20160415/7601684739113829597.jpg" style="margin: 0px; padding: 0px; max-width: 640px;" title="出游时千万不要和这些东西合影，小心招来横祸！切记！" /></p>\r\n<p style="margin: 12px 0px; padding: 0px; font-family: 微软雅黑; color: rgb(0, 0, 0); font-size: 16px; line-height: 28.8px; white-space: normal;">\r\n	　　▌<strong style="margin: 0px; padding: 0px;">4、不要在夜间对着镜子中的你或他人拍照</strong></p>\r\n<p style="margin: 12px 0px; padding: 0px; font-family: 微软雅黑; color: rgb(0, 0, 0); font-size: 16px; line-height: 28.8px; white-space: normal;">\r\n	　　镜子属阴性，容易招阴，往往在令人意想不到的情况下看到不想看的东西。</p>\r\n<p style="margin: 12px 0px; padding: 0px; font-family: 微软雅黑; color: rgb(0, 0, 0); font-size: 16px; line-height: 28.8px; white-space: normal;">\r\n	　　▌<strong style="margin: 0px; padding: 0px;">5、谨慎与过世的家人墓地合影</strong></p>\r\n<p style="margin: 12px 0px; padding: 0px; font-family: 微软雅黑; color: rgb(0, 0, 0); font-size: 16px; line-height: 28.8px; white-space: normal;">\r\n	　　假期有些人去扫墓，会与自己亲人的墓碑合影，岂不知，一些镜头包含了他人墓地，结果相当不妙。</p>\r\n<p style="margin: 12px 0px; padding: 0px; font-family: 微软雅黑; color: rgb(0, 0, 0); font-size: 16px; line-height: 28.8px; white-space: normal;">\r\n	　　▌<strong style="margin: 0px; padding: 0px;">6、三个人合照有讲究</strong></p>\r\n<p style="margin: 12px 0px; padding: 0px; font-family: 微软雅黑; color: rgb(0, 0, 0); font-size: 16px; line-height: 28.8px; white-space: normal;">\r\n	　　过去画师会拒绝把三个人画进图内，据说中间的合照者会受到左右两旁的朋友排挤，因此要谨慎三人合照。不过，朋友们放心，一家三口无碍。</p>\r\n<p style="margin: 12px 0px; padding: 0px; font-family: 微软雅黑; color: rgb(0, 0, 0); font-size: 16px; line-height: 28.8px; white-space: normal; text-align: center;">\r\n	<img alt="出游时千万不要和这些东西合影，小心招来横祸！切记！" id="33456937" src="http://imgnews.gmw.cn/attachement/jpg/site2/20160415/4227806521103463837.jpg" style="margin: 0px; padding: 0px; max-width: 640px;" title="出游时千万不要和这些东西合影，小心招来横祸！切记！" /></p>\r\n<p style="margin: 12px 0px; padding: 0px; font-family: 微软雅黑; color: rgb(0, 0, 0); font-size: 16px; line-height: 28.8px; white-space: normal;">\r\n	　　▌<strong style="margin: 0px; padding: 0px;">7、千万不能在塔的正下方拍照</strong></p>\r\n<p style="margin: 12px 0px; padding: 0px; font-family: 微软雅黑; color: rgb(0, 0, 0); font-size: 16px; line-height: 28.8px; white-space: normal;">\r\n	　　塔的正下方就是被压住制住的感觉，因为塔是用来镇妖的。这一点认为很多朋友会「犯规」。</p>\r\n<p style="margin: 12px 0px; padding: 0px; font-family: 微软雅黑; color: rgb(0, 0, 0); font-size: 16px; line-height: 28.8px; white-space: normal;">\r\n	　　▌<strong style="margin: 0px; padding: 0px;">8、怀孕后不能在阴气很重的地方照相</strong></p>\r\n<p style="margin: 12px 0px; padding: 0px; font-family: 微软雅黑; color: rgb(0, 0, 0); font-size: 16px; line-height: 28.8px; white-space: normal;">\r\n	　　比如医院、坟场或殡仪馆、屠宰场、少人居住空屋、僻静的屋苑等。不仅对大人不好、对胎儿更不好。提醒即使拍照自己的大肚皮也不能随意。</p>\r\n<p style="margin: 12px 0px; padding: 0px; font-family: 微软雅黑; color: rgb(0, 0, 0); font-size: 16px; line-height: 28.8px; white-space: normal;">\r\n	　　▌<strong style="margin: 0px; padding: 0px;">9、谨慎拍摄睡觉时的人</strong></p>\r\n<p style="margin: 12px 0px; padding: 0px; font-family: 微软雅黑; color: rgb(0, 0, 0); font-size: 16px; line-height: 28.8px; white-space: normal;">\r\n	　　拍不好容易拍出问题来，因为风水学认为会把他们的灵魂摄入镜头之内。这一点往往婴儿的父母会「犯规」，提醒你要非常谨慎。</p>\r\n<p style="margin: 12px 0px; padding: 0px; font-family: 微软雅黑; color: rgb(0, 0, 0); font-size: 16px; line-height: 28.8px; white-space: normal; text-align: center;">\r\n	<img alt="出游时千万不要和这些东西合影，小心招来横祸！切记！" id="33456938" src="http://imgnews.gmw.cn/attachement/jpg/site2/20160415/2038643752294989226.jpg" style="margin: 0px; padding: 0px; max-width: 640px;" title="出游时千万不要和这些东西合影，小心招来横祸！切记！" /></p>\r\n<p style="margin: 12px 0px; padding: 0px; font-family: 微软雅黑; color: rgb(0, 0, 0); font-size: 16px; line-height: 28.8px; white-space: normal;">\r\n	　　▌<strong style="margin: 0px; padding: 0px;">10、电梯内的天花板不要拍照</strong></p>\r\n<p style="margin: 12px 0px; padding: 0px; font-family: 微软雅黑; color: rgb(0, 0, 0); font-size: 16px; line-height: 28.8px; white-space: normal;">\r\n	　　风水学认为死后的灵魂喜欢站在电梯顶上游荡。进一步说，地下室也谨慎拍照，无论你是住在地下室，还是去地下室参观均如此。</p>\r\n<p style="margin: 12px 0px; padding: 0px; font-family: 微软雅黑; color: rgb(0, 0, 0); font-size: 16px; line-height: 28.8px; white-space: normal;">\r\n	　　▌<strong style="margin: 0px; padding: 0px;">11、老宅内的烟雾不能拍照</strong></p>\r\n<p style="margin: 12px 0px; padding: 0px; font-family: 微软雅黑; color: rgb(0, 0, 0); font-size: 16px; line-height: 28.8px; white-space: normal;">\r\n	　　突如其来的烟雾可能是某种未知东西闯入人间的先兆，若拍下来有把它们带回家的可能。认为对于莫名其妙的东西都要谨慎拍照，除非你是专业摄影师。</p>\r\n<p style="margin: 12px 0px; padding: 0px; font-family: 微软雅黑; color: rgb(0, 0, 0); font-size: 16px; line-height: 28.8px; white-space: normal;">\r\n	　　▌<strong style="margin: 0px; padding: 0px;">12、隧道、山洞口等要谨慎拍照</strong></p>\r\n<p style="margin: 12px 0px; padding: 0px; font-family: 微软雅黑; color: rgb(0, 0, 0); font-size: 16px; line-height: 28.8px; white-space: normal;">\r\n	　　因为这些地方往往是通向另一世界的接驳点。提醒朋友们不可大意，之前有朋友「犯规」，后果严重。</p>\r\n<p style="margin: 12px 0px; padding: 0px; font-family: 微软雅黑; color: rgb(0, 0, 0); font-size: 16px; line-height: 28.8px; white-space: normal; text-align: center;">\r\n	<img alt="出游时千万不要和这些东西合影，小心招来横祸！切记！" id="33456939" src="http://imgnews.gmw.cn/attachement/jpg/site2/20160415/3911413783425957271.jpg" style="margin: 0px; padding: 0px; max-width: 640px;" title="出游时千万不要和这些东西合影，小心招来横祸！切记！" /></p>\r\n<p style="margin: 12px 0px; padding: 0px; font-family: 微软雅黑; color: rgb(0, 0, 0); font-size: 16px; line-height: 28.8px; white-space: normal;">\r\n	　　▌<strong style="margin: 0px; padding: 0px;">13、千万不要以风景名胜中的陵墓为背景合影</strong></p>\r\n<p style="margin: 12px 0px; padding: 0px; font-family: 微软雅黑; color: rgb(0, 0, 0); font-size: 16px; line-height: 28.8px; white-space: normal;">\r\n	　　如北京十三陵等，请勿随便合影，尤其是下午三点以后，没准跟你合影的还有其它东西。</p>\r\n<p style="margin: 12px 0px; padding: 0px; font-family: 微软雅黑; color: rgb(0, 0, 0); font-size: 16px; line-height: 28.8px; white-space: normal;">\r\n	　　▌<strong style="margin: 0px; padding: 0px;">14、谨慎与久病不愈的人合影或拍照</strong></p>\r\n<p style="margin: 12px 0px; padding: 0px; font-family: 微软雅黑; color: rgb(0, 0, 0); font-size: 16px; line-height: 28.8px; white-space: normal;">\r\n	　　这一条很多朋友也会「犯规」，一定要谨慎为之，不然非常影响运势和健康。</p>\r\n<p style="margin: 12px 0px; padding: 0px; font-family: 微软雅黑; color: rgb(0, 0, 0); font-size: 16px; line-height: 28.8px; white-space: normal;">\r\n	　　▌<strong style="margin: 0px; padding: 0px;">15、谨慎拍摄不含头部的人体照片</strong></p>\r\n<p style="margin: 12px 0px; padding: 0px; font-family: 微软雅黑; color: rgb(0, 0, 0); font-size: 16px; line-height: 28.8px; white-space: normal;">\r\n	　　因为这样易招惹阴魂附体，你在照片上可能看到其它人的脑袋。</p>\r\n<p style="margin: 12px 0px; padding: 0px; font-family: 微软雅黑; color: rgb(0, 0, 0); font-size: 16px; line-height: 28.8px; white-space: normal; text-align: center;">\r\n	<img alt="出游时千万不要和这些东西合影，小心招来横祸！切记！" id="33456940" src="http://imgnews.gmw.cn/attachement/jpg/site2/20160415/5742471245573867045.jpg" style="margin: 0px; padding: 0px; max-width: 640px;" title="出游时千万不要和这些东西合影，小心招来横祸！切记！" /></p>\r\n<p style="margin: 12px 0px; padding: 0px; font-family: 微软雅黑; color: rgb(0, 0, 0); font-size: 16px; line-height: 28.8px; white-space: normal;">\r\n	　　▌<strong style="margin: 0px; padding: 0px;">16、夜游时最好不要乱照相</strong></p>\r\n<p style="margin: 12px 0px; padding: 0px; font-family: 微软雅黑; color: rgb(0, 0, 0); font-size: 16px; line-height: 28.8px; white-space: normal;">\r\n	　　否则不明物体会入镜与你合影，手电筒也不要往树上乱照，以免惊动喜欢附着于树梢上的某某。</p>\r\n<p style="margin: 12px 0px; padding: 0px; font-family: 微软雅黑; color: rgb(0, 0, 0); font-size: 16px; line-height: 28.8px; white-space: normal;">\r\n	　　▌<strong style="margin: 0px; padding: 0px;">17、对于突如其来的不明物体，要谨慎拍摄</strong></p>\r\n<p style="margin: 12px 0px; padding: 0px; font-family: 微软雅黑; color: rgb(0, 0, 0); font-size: 16px; line-height: 28.8px; white-space: normal;">\r\n	　　一些人以为是UFO，又是拍摄又是摄像，往往可能UFO没拍到，而其它东西却给你带来麻烦了。</p>\r\n<p style="margin: 12px 0px; padding: 0px; font-family: 微软雅黑; color: rgb(0, 0, 0); font-size: 16px; line-height: 28.8px; white-space: normal;">\r\n	　　▌<strong style="margin: 0px; padding: 0px;">18、不要在高压线、墙角边等拍照</strong></p>\r\n<p style="margin: 12px 0px; padding: 0px; font-family: 微软雅黑; color: rgb(0, 0, 0); font-size: 16px; line-height: 28.8px; white-space: normal;">\r\n	　　在这两个地方拍照往往会给自己带来难解的煞气和阴魂。</p>\r\n<p style="margin: 12px 0px; padding: 0px; font-family: 微软雅黑; color: rgb(0, 0, 0); font-size: 16px; line-height: 28.8px; white-space: normal; text-align: center;">\r\n	<img alt="出游时千万不要和这些东西合影，小心招来横祸！切记！" id="33456941" src="http://imgnews.gmw.cn/attachement/jpg/site2/20160415/4466966690090927929.jpg" style="margin: 0px; padding: 0px; max-width: 640px;" title="出游时千万不要和这些东西合影，小心招来横祸！切记！" /></p>\r\n<p style="margin: 12px 0px; padding: 0px; font-family: 微软雅黑; color: rgb(0, 0, 0); font-size: 16px; line-height: 28.8px; white-space: normal;">\r\n	　　▌<strong style="margin: 0px; padding: 0px;">19、不要在野外裸拍</strong></p>\r\n<p style="margin: 12px 0px; padding: 0px; font-family: 微软雅黑; color: rgb(0, 0, 0); font-size: 16px; line-height: 28.8px; white-space: normal;">\r\n	　　这样做容易失魂和招阴。提醒朋友们，有些朋友喜欢写真，结果到野外或者深山老林拍裸照，后果不堪设想。想要拥有傲人身姿吗？！加薇信vipmx8教你轻松丰乳</p>\r\n<p style="margin: 12px 0px; padding: 0px; font-family: 微软雅黑; color: rgb(0, 0, 0); font-size: 16px; line-height: 28.8px; white-space: normal;">\r\n	　　▌<strong style="margin: 0px; padding: 0px;">20、谨慎拍照煞气很重的风景照</strong></p>\r\n<p style="margin: 12px 0px; padding: 0px; font-family: 微软雅黑; color: rgb(0, 0, 0); font-size: 16px; line-height: 28.8px; white-space: normal;">\r\n	　　有些人认为拍人物照要谨慎，拍摄风景照就可以随意，其实这是非常错误的。如果你的镜头对准了煞气很重的「风景」，那么霉运很可能被摄进来。</p>\r\n<p style="margin: 12px 0px; padding: 0px; font-family: 微软雅黑; color: rgb(0, 0, 0); font-size: 16px; line-height: 28.8px; white-space: normal;">\r\n	&nbsp; &nbsp; &nbsp; ▌<strong style="margin: 0px; padding: 0px;">21、谨慎翻拍老照片</strong></p>\r\n<p style="margin: 12px 0px; padding: 0px; font-family: 微软雅黑; color: rgb(0, 0, 0); font-size: 16px; line-height: 28.8px; white-space: normal;">\r\n	　　有些朋友喜欢拍照，频频将老照片翻拍，很可能拍出问题。实例：某某去故宫游玩，趁人不注意，将慈禧太后的照片翻拍下来，结果运势一落千丈。</p>', '来源', '1,2,3,', '1'),
	('40', '文章内容内容内容内容', '来源', '1,2,3', '1'),
	('41', '文章内容内容内容内容', '来源', '1,2,3', '1'),
	('42', '文章内容内容内容内容', '来源', '1,2,3', '1'),
	('43', '文章内容内容内容内容', '来源', '1,2,3', '1'),
	('44', '文章内容内容内容内容', '来源', '1,2,3', '1'),
	('45', '文章内容内容内容内容', '来源', '1,2,3', '1'),
	('45ab98e394294717a7639237390edd11', '<p>\r\n	软件技术交流社交类型网站+代码生成+商城+任务管理+客户端</p>\r\n<p>\r\n	&nbsp;</p>\r\n<p>\r\n	1.整理最小可用版本网站，上线运营。</p>\r\n<p>\r\n	2.代码生成工具后续发布</p>\r\n<p>\r\n	3.模板商城开始积累。</p>\r\n<p>\r\n	4.让在线商城和网站积累人气后再考虑客户端和任务管理平台</p>', '', '', '1'),
	('46', '文章内容内容内容内容', '来源', '1,2,3', '1'),
	('47', '文章内容内容内容内容', '来源', '1,2,3', '1'),
	('48', '文章内容内容内容内容', '来源', '1,2,3', '1'),
	('49', '文章内容内容内容内容', '来源', '1,2,3', '1'),
	('494c219c5aa0436dbd5c4d284ab1d8f9', '<p>\r\n	哈哈</p>', '', '', '1'),
	('5', '文章内容内容内容内容', '来源', '1,2,3', '1'),
	('50', '文章内容内容内容内容', '来源', '1,2,3', '1'),
	('51', '文章内容内容内容内容', '来源', '1,2,3', '1'),
	('52', '文章内容内容内容内容', '来源', '1,2,3', '1'),
	('53', '文章内容内容内容内容', '来源', '1,2,3', '1'),
	('535ea69172fa4348aab87503c1f3c240', '<p>\r\n	大大地</p>', '', '', '1'),
	('6', '文章内容内容内容内容', '来源', '1,2,3', '1'),
	('7', '文章内容内容内容内容', '来源', '1,2,3', '1'),
	('7e648400357c4bf082206f01646b189e', '<table border="1" cellpadding="1" cellspacing="1" style="width: 500px">\r\n	<tbody>\r\n		<tr>\r\n			<td style="width: 146px;">\r\n				<strong><span style="background-color:#afeeee;">字段名</span></strong></td>\r\n			<td style="width: 151px;">\r\n				<strong><span style="background-color:#afeeee;">描述</span></strong></td>\r\n			<td style="width: 185px;">\r\n				<strong><span style="background-color:#afeeee;">样例</span></strong></td>\r\n		</tr>\r\n		<tr>\r\n			<td style="width: 146px;">\r\n				@{namespaces}</td>\r\n			<td style="width: 151px;">\r\n				action的访问路径</td>\r\n			<td style="width: 185px;">\r\n				从根目录开始</td>\r\n		</tr>\r\n		<tr>\r\n			<td style="width: 146px;">\r\n				@{packages}</td>\r\n			<td style="width: 151px;">\r\n				package</td>\r\n			<td style="width: 185px;">\r\n				/robot/platformCode</td>\r\n		</tr>\r\n		<tr>\r\n			<td style="width: 146px;">\r\n				@{entityName}</td>\r\n			<td style="width: 151px;">\r\n				&nbsp;</td>\r\n			<td style="width: 185px;">\r\n				PlatformCode</td>\r\n		</tr>\r\n		<tr>\r\n			<td style="width: 146px;">\r\n				@{instanceName}</td>\r\n			<td style="width: 151px;">\r\n				&nbsp;</td>\r\n			<td style="width: 185px;">\r\n				platformCode</td>\r\n		</tr>\r\n		<tr>\r\n			<td style="width: 146px;">\r\n				@{<span style="color: rgb(34, 34, 34); font-family: Consolas, \'Lucida Console\', monospace; font-size: 12px; line-height: normal;">location</span>}</td>\r\n			<td style="width: 151px;">\r\n				jsp文件保存路径</td>\r\n			<td style="width: 185px;">\r\n				/robot/platformCode</td>\r\n		</tr>\r\n		<tr>\r\n			<td style="width: 146px;">\r\n				@{tableName}</td>\r\n			<td style="width: 151px;">\r\n				&nbsp;</td>\r\n			<td style="width: 185px;">\r\n				platform_code</td>\r\n		</tr>\r\n		<tr>\r\n			<td style="width: 146px;">\r\n				@{cnName}</td>\r\n			<td style="width: 151px;">\r\n				&nbsp;</td>\r\n			<td style="width: 185px;">\r\n				平台代码</td>\r\n		</tr>\r\n		<tr>\r\n			<td style="width: 146px;">\r\n				@{names}</td>\r\n			<td style="width: 151px;">\r\n				&nbsp;</td>\r\n			<td style="width: 185px;">\r\n				&nbsp;</td>\r\n		</tr>\r\n		<tr>\r\n			<td style="width: 146px;">\r\n				@{serialVersionUID}</td>\r\n			<td style="width: 151px;">\r\n				&nbsp;</td>\r\n			<td style="width: 185px;">\r\n				123523223L</td>\r\n		</tr>\r\n		<tr>\r\n			<td style="width: 146px;">\r\n				&nbsp;</td>\r\n			<td style="width: 151px;">\r\n				&nbsp;</td>\r\n			<td style="width: 185px;">\r\n				&lt;?for(column in columns){ ?&gt;</td>\r\n		</tr>\r\n		<tr>\r\n			<td style="width: 146px;">\r\n				&nbsp;</td>\r\n			<td style="width: 151px;">\r\n				&nbsp;</td>\r\n			<td style="width: 185px;">\r\n				&nbsp;</td>\r\n		</tr>\r\n		<tr>\r\n			<td style="width: 146px;">\r\n				&nbsp;</td>\r\n			<td style="width: 151px;">\r\n				&nbsp;</td>\r\n			<td style="width: 185px;">\r\n				&nbsp;</td>\r\n		</tr>\r\n		<tr>\r\n			<td style="width: 146px;">\r\n				&nbsp;</td>\r\n			<td style="width: 151px;">\r\n				&nbsp;</td>\r\n			<td style="width: 185px;">\r\n				&nbsp;</td>\r\n		</tr>\r\n		<tr>\r\n			<td style="width: 146px;">\r\n				&nbsp;</td>\r\n			<td style="width: 151px;">\r\n				&nbsp;</td>\r\n			<td style="width: 185px;">\r\n				&nbsp;</td>\r\n		</tr>\r\n		<tr>\r\n			<td style="width: 146px;">\r\n				&nbsp;</td>\r\n			<td style="width: 151px;">\r\n				&nbsp;</td>\r\n			<td style="width: 185px;">\r\n				&nbsp;</td>\r\n		</tr>\r\n		<tr>\r\n			<td style="width: 146px;">\r\n				&nbsp;</td>\r\n			<td style="width: 151px;">\r\n				&nbsp;</td>\r\n			<td style="width: 185px;">\r\n				&nbsp;</td>\r\n		</tr>\r\n		<tr>\r\n			<td style="width: 146px;">\r\n				&nbsp;</td>\r\n			<td style="width: 151px;">\r\n				&nbsp;</td>\r\n			<td style="width: 185px;">\r\n				&nbsp;</td>\r\n		</tr>\r\n		<tr>\r\n			<td style="width: 146px;">\r\n				&nbsp;</td>\r\n			<td style="width: 151px;">\r\n				&nbsp;</td>\r\n			<td style="width: 185px;">\r\n				&nbsp;</td>\r\n		</tr>\r\n	</tbody>\r\n</table>\r\n<p>\r\n	&nbsp;</p>', '', '', '1'),
	('8', '文章内容内容内容内容', '来源', '1,2,3', '1'),
	('84cfd5b7d3fd4f90bedea18bcdbfd365', '<p>\r\n	今天加班回来比较晚，今天任命为项目的负责人。</p>\r\n<p>\r\n	面对事情比较多了，内部的人的处理比较难。</p>\r\n<p>\r\n	文件上传这块比较绕，还没看明白如何上传文件和文件切割。</p>\r\n<p>\r\n	继续努力吧</p>\r\n<p>\r\n	&nbsp;</p>\r\n<p>\r\n	先把个人中心这块弄通，然后上线试运行。然后把west应用到各子系统。</p>', '', '', '1'),
	('9', '文章内容内容内容内容', '来源', '1,2,3', '1'),
	('b4422c125ada4166a5490980071c5cca', '<p>\r\n	打造一套企业开发先进框架，管好企业的人流，物流，资金流。</p>\r\n<p>\r\n	企业的日常事务管理，项目管理，客户关系管理</p>\r\n<p>\r\n	west是核心，是未来的基础。</p>\r\n<p>\r\n	先做好单机包和分库分表包。</p>\r\n<p>\r\n	现有项目要逐步的融入west dao层的代码。</p>\r\n<p>\r\n	&nbsp;</p>', '', '', '1'),
	('c6090d9924e7451e9d8d0bfb43bcef67', '<p>\r\n	今天开发了2小时，从9点到11点。主要修复了个人主页的个人中心，用户资料修改的功能。</p>\r\n<p>\r\n	年龄，工作地点都能正常同步到用户中心。</p>\r\n<p>\r\n	还有很多细节需要逐步完善。加油。。</p>', '', '', '1'),
	('de1157bcb86a4bb69ba0c4e8ace0f90f', '<p>\r\n	今天梳理了用户中心和主站的功能，现在需要打通主站和用户中心。</p>\r\n<p>\r\n	1。用户中心需要能修改密码，上传头像，修改个人主页的背景头像。</p>', '', '', '1'),
	('ea10ec8d49ea4de2a51ced437c6c83ee', '<p style="margin: 10px auto; padding: 0px; color: rgb(0, 0, 0); font-family: Verdana, Arial, Helvetica, sans-serif; line-height: 21px; white-space: normal;">\r\n	从上面可以看出几点：</p>\r\n<p style="margin: 10px auto; padding: 0px; color: rgb(0, 0, 0); font-family: Verdana, Arial, Helvetica, sans-serif; line-height: 21px; white-space: normal;">\r\n	1）<span style="margin: 0px; padding: 0px; background-color: rgb(255, 255, 0);">String类是final类，也即意味着String类不能被继承，并且它的成员方法都默认为final方法。</span>在Java中，被final修饰的类是不允许被继承的，并且该类中的成员方法都默认为final方法。</p>\r\n<p style="margin: 10px auto; padding: 0px; color: rgb(0, 0, 0); font-family: Verdana, Arial, Helvetica, sans-serif; line-height: 21px; white-space: normal;">\r\n	2）上面列举出了String类中所有的成员属性，从上面可以看出<span style="margin: 0px; padding: 0px; background-color: rgb(255, 255, 0);">String类其实是通过char数组来保存字符串的</span>。</p>\r\n<p style="margin: 10px auto; padding: 0px; color: rgb(0, 0, 0); font-family: Verdana, Arial, Helvetica, sans-serif; line-height: 21px; white-space: normal;">\r\n	下面再继续看String类的一些方法实现：</p>', '', '', '1');
/*!40000 ALTER TABLE `cms_article_data` ENABLE KEYS */;

-- 导出  表 west-studio.cms_category 结构
CREATE TABLE IF NOT EXISTS `cms_category` (
  `id` varchar(64) NOT NULL COMMENT '编号',
  `parent_id` varchar(64) NOT NULL COMMENT '父级编号',
  `parent_ids` varchar(2000) NOT NULL COMMENT '所有父级编号',
  `site_id` varchar(64) DEFAULT '1' COMMENT '站点编号',
  `office_id` varchar(64) DEFAULT NULL COMMENT '归属机构',
  `module` varchar(20) DEFAULT NULL COMMENT '栏目模块',
  `name` varchar(100) NOT NULL COMMENT '栏目名称',
  `image` varchar(255) DEFAULT NULL COMMENT '栏目图片',
  `href` varchar(255) DEFAULT NULL COMMENT '链接',
  `target` varchar(20) DEFAULT NULL COMMENT '目标',
  `description` varchar(255) DEFAULT NULL COMMENT '描述',
  `keywords` varchar(255) DEFAULT NULL COMMENT '关键字',
  `sort` int(11) DEFAULT '30' COMMENT '排序（升序）',
  `in_menu` char(1) DEFAULT '1' COMMENT '是否在导航中显示',
  `in_list` char(1) DEFAULT '1' COMMENT '是否在分类页中显示列表',
  `show_modes` char(1) DEFAULT '0' COMMENT '展现方式',
  `allow_comment` char(1) DEFAULT NULL COMMENT '是否允许评论',
  `is_audit` char(1) DEFAULT NULL COMMENT '是否需要审核',
  `custom_list_view` varchar(255) DEFAULT NULL COMMENT '自定义列表视图',
  `custom_content_view` varchar(255) DEFAULT NULL COMMENT '自定义内容视图',
  `view_config` text COMMENT '视图配置',
  `create_by` varchar(64) DEFAULT NULL COMMENT '创建者',
  `create_date` datetime DEFAULT NULL COMMENT '创建时间',
  `update_by` varchar(64) DEFAULT NULL COMMENT '更新者',
  `update_date` datetime DEFAULT NULL COMMENT '更新时间',
  `remarks` varchar(255) DEFAULT NULL COMMENT '备注信息',
  `del_flag` char(1) NOT NULL DEFAULT '0' COMMENT '删除标记',
  PRIMARY KEY (`id`),
  KEY `cms_category_parent_id` (`parent_id`),
  KEY `cms_category_module` (`module`),
  KEY `cms_category_name` (`name`),
  KEY `cms_category_sort` (`sort`),
  KEY `cms_category_del_flag` (`del_flag`),
  KEY `cms_category_office_id` (`office_id`),
  KEY `cms_category_site_id` (`site_id`)
) ENGINE=InnoDB DEFAULT CHARSET=utf8 COMMENT='栏目表';

-- 正在导出表  west-studio.cms_category 的数据：~35 rows (大约)
/*!40000 ALTER TABLE `cms_category` DISABLE KEYS */;
INSERT INTO `cms_category` (`id`, `parent_id`, `parent_ids`, `site_id`, `office_id`, `module`, `name`, `image`, `href`, `target`, `description`, `keywords`, `sort`, `in_menu`, `in_list`, `show_modes`, `allow_comment`, `is_audit`, `custom_list_view`, `custom_content_view`, `view_config`, `create_by`, `create_date`, `update_by`, `update_date`, `remarks`, `del_flag`) VALUES
	('1', '0', '0,', '0', '1', NULL, '顶级栏目', NULL, NULL, NULL, NULL, NULL, 0, '1', '1', '0', '0', '1', NULL, NULL, NULL, '1', '2013-05-27 08:00:00', '1', '2013-05-27 08:00:00', NULL, '0'),
	('10', '1', '0,1,', '1', '4', 'article', '软件介绍', '', '', '', '', '', 20, '0', '0', '0', '1', '0', '', '', '', '1', '2013-05-27 08:00:00', '1', '2016-07-30 22:36:01', NULL, '1'),
	('11', '10', '0,1,10,', '1', '4', 'article', '网络工具', NULL, NULL, NULL, NULL, NULL, 30, '1', '1', '0', '1', '0', NULL, NULL, NULL, '1', '2013-05-27 08:00:00', '1', '2013-05-27 08:00:00', NULL, '1'),
	('12', '10', '0,1,10,', '1', '4', 'article', '浏览工具', NULL, NULL, NULL, NULL, NULL, 40, '1', '1', '0', '1', '0', NULL, NULL, NULL, '1', '2013-05-27 08:00:00', '1', '2013-05-27 08:00:00', NULL, '1'),
	('13', '10', '0,1,10,', '1', '4', 'article', '浏览辅助', NULL, NULL, NULL, NULL, NULL, 50, '1', '1', '0', '1', '0', NULL, NULL, NULL, '1', '2013-05-27 08:00:00', '1', '2013-05-27 08:00:00', NULL, '1'),
	('14', '10', '0,1,10,', '1', '4', 'article', '网络优化', NULL, NULL, NULL, NULL, NULL, 50, '1', '1', '0', '1', '0', NULL, NULL, NULL, '1', '2013-05-27 08:00:00', '1', '2013-05-27 08:00:00', NULL, '1'),
	('1406647f8e1b48d990d273219392d87b', '26', '0,1,26,', '2', '60324211c4504bc7bf7c4e04a23752e0', 'article', '商场促销', '', '', '', '', '', 30, '0', '0', '0', '0', '0', '', '', '', '1', '2017-02-26 20:10:51', '1', '2017-02-26 20:13:06', NULL, '0'),
	('15', '10', '0,1,10,', '1', '4', 'article', '邮件处理', NULL, NULL, NULL, NULL, NULL, 50, '1', '1', '0', '1', '0', NULL, NULL, NULL, '1', '2013-05-27 08:00:00', '1', '2013-05-27 08:00:00', NULL, '1'),
	('16', '10', '0,1,10,', '1', '4', 'article', '下载工具', NULL, NULL, NULL, NULL, NULL, 50, '1', '1', '0', '1', '0', NULL, NULL, NULL, '1', '2013-05-27 08:00:00', '1', '2013-05-27 08:00:00', NULL, '1'),
	('17', '10', '0,1,10,', '1', '4', 'article', '搜索工具', NULL, NULL, NULL, NULL, NULL, 50, '1', '1', '2', '1', '0', NULL, NULL, NULL, '1', '2013-05-27 08:00:00', '1', '2013-05-27 08:00:00', NULL, '1'),
	('18', '1', '0,1,', '1', '5', 'link', '网站导航', '', '', '', '', '', 90, '1', '1', '0', '1', '0', '', '', '', '1', '2013-05-27 08:00:00', '1', '2016-07-30 23:25:23', NULL, '0'),
	('19', '18', '0,1,18,', '1', '5', 'link', '开发环境项目', '', '', '', '', '', 50, '1', '1', '0', '1', '0', '', '', '', '1', '2013-05-27 08:00:00', '1', '2016-07-30 23:25:45', NULL, '0'),
	('2', '1', '0,1,', '1', '3', 'article', '组织机构', '', '', '', '', '', 10, '0', '0', '0', '0', '1', '', '', '', '1', '2013-05-27 08:00:00', '1', '2016-07-30 22:35:42', NULL, '1'),
	('20', '18', '0,1,18,', '1', '5', 'link', '测试环境项目', '', '', '', '', '', 50, '1', '1', '0', '1', '0', '', '', '', '1', '2013-05-27 08:00:00', '1', '2016-07-30 23:25:55', NULL, '0'),
	('21', '18', '0,1,18,', '1', '5', 'link', '购物网站', NULL, NULL, NULL, NULL, NULL, 50, '1', '1', '0', '1', '0', NULL, NULL, NULL, '1', '2013-05-27 08:00:00', '1', '2013-05-27 08:00:00', NULL, '1'),
	('22', '18', '0,1,18,', '1', '5', 'link', '线上项目', '', '', '', '', '', 50, '1', '1', '0', '1', '0', '', '', '', '1', '2013-05-27 08:00:00', '1', '2016-07-30 23:26:17', NULL, '0'),
	('23', '18', '0,1,18,', '1', '5', 'link', '音乐视频', NULL, NULL, NULL, NULL, NULL, 50, '1', '1', '0', '1', '0', NULL, NULL, NULL, '1', '2013-05-27 08:00:00', '1', '2013-05-27 08:00:00', NULL, '1'),
	('24', '1', '0,1,', '1', '6', NULL, '百度一下', NULL, 'http://www.baidu.com', '_blank', NULL, NULL, 90, '1', '1', '0', '1', '0', NULL, NULL, NULL, '1', '2013-05-27 08:00:00', '1', '2013-05-27 08:00:00', NULL, '1'),
	('25', '1', '0,1,', '1', '6', '', '全文检索', '', '/search', '', '', '', 90, '0', '0', '0', '1', '0', '', '', '', '1', '2013-05-27 08:00:00', '1', '2016-07-30 23:37:16', NULL, '0'),
	('26', '1', '0,1,', '2', '60324211c4504bc7bf7c4e04a23752e0', 'article', '圈子', '', '', '', '', '', 90, '1', '1', '0', '1', '0', '', '', '', '1', '2013-05-27 08:00:00', '1', '2017-02-26 20:10:09', NULL, '0'),
	('27', '1', '0,1,', '1', '6', NULL, '公共留言', NULL, '/guestbook', NULL, NULL, NULL, 90, '1', '1', '0', '1', '0', NULL, NULL, NULL, '1', '2013-05-27 08:00:00', '1', '2013-05-27 08:00:00', NULL, '0'),
	('3', '2', '0,1,2,', '1', '3', 'article', '网站简介', NULL, NULL, NULL, NULL, NULL, 30, '1', '1', '0', '0', '1', NULL, NULL, NULL, '1', '2013-05-27 08:00:00', '1', '2013-05-27 08:00:00', NULL, '1'),
	('4', '2', '0,1,2,', '1', '3', 'article', '内部机构', NULL, NULL, NULL, NULL, NULL, 40, '1', '1', '0', '0', '1', NULL, NULL, NULL, '1', '2013-05-27 08:00:00', '1', '2013-05-27 08:00:00', NULL, '1'),
	('4cc561ccf6a44550b3869826d3d41b07', '26', '0,1,26,', '2', '60324211c4504bc7bf7c4e04a23752e0', 'article', '游戏娱乐', '', '', '', '', '', 30, '0', '0', '0', '0', '0', '', '', '', '1', '2017-02-26 20:12:23', '1', '2017-02-26 20:13:40', NULL, '0'),
	('5', '2', '0,1,2,', '1', '3', 'article', '地方机构', NULL, NULL, NULL, NULL, NULL, 50, '1', '1', '0', '0', '1', NULL, NULL, NULL, '1', '2013-05-27 08:00:00', '1', '2013-05-27 08:00:00', NULL, '1'),
	('6', '1', '0,1,', '1', '3', 'article', '知识积累', '', '', '', '', '', 20, '1', '1', '1', '1', '0', '', '', '', '1', '2013-05-27 08:00:00', '1', '2016-07-30 22:19:14', NULL, '0'),
	('630ef8574565496694744123cfce803e', '26', '0,1,26,', '2', '60324211c4504bc7bf7c4e04a23752e0', 'article', '便民服务', '', '', '', '', '', 30, '0', '0', '0', '0', '0', '', '', '', '1', '2017-02-26 20:11:03', '1', '2017-02-26 20:13:14', NULL, '0'),
	('6c241f61456048c4ac9ce59f2abf2918', '26', '0,1,26,', '2', '60324211c4504bc7bf7c4e04a23752e0', 'article', '丽人专区', '', '', '', '', '', 30, '0', '0', '0', '0', '0', '', '', '', '1', '2017-02-26 20:11:29', '1', '2017-02-26 20:13:29', NULL, '0'),
	('7', '6', '0,1,6,', '1', '3', 'article', '项目信息', '', '', '', '', '', 30, '1', '1', '0', '1', '0', '', '', '', '1', '2013-05-27 08:00:00', '1', '2016-07-30 23:02:53', NULL, '0'),
	('8', '6', '0,1,6,', '1', '3', 'article', '技术文章', '', '', '', '', '', 40, '1', '1', '0', '1', '0', '', '', '', '1', '2013-05-27 08:00:00', '1', '2016-07-30 23:03:02', NULL, '0'),
	('842759529593468db77987b06820d23f', '26', '0,1,26,', '2', '60324211c4504bc7bf7c4e04a23752e0', 'article', '便民电话', '', '', '', '', '', 30, '0', '0', '0', '0', '0', '', '', '', '1', '2017-02-26 20:12:31', '1', '2017-02-26 20:13:47', NULL, '0'),
	('9', '6', '0,1,6,', '1', '3', 'article', '项目笔记', '', '', '', '', '', 50, '1', '1', '0', '1', '0', '', '', '', '1', '2013-05-27 08:00:00', '1', '2016-07-30 23:03:13', NULL, '0'),
	('9a5a8eada7a14818a7acaf9cacf7ba7c', '1', '0,1,', 'df6ee202408d4ac8a457f372a3f5df1a', '1', '', '测试赛', '', '', '', '测试', '', 30, '0', '1', '0', '0', '0', '', '', '', '1', '2016-04-10 11:26:07', '1', '2016-04-10 11:26:07', NULL, '0'),
	('a0073e6a180541ab95016801eaa8aac9', '26', '0,1,26,', '2', '60324211c4504bc7bf7c4e04a23752e0', 'article', '吃货优惠', '', '', '', '', '', 30, '0', '0', '0', '0', '0', '', '', '', '1', '2017-02-26 20:11:14', '1', '2017-02-26 20:13:21', NULL, '0'),
	('a40088eb15e247f99e00737c2a0901dc', '9a5a8eada7a14818a7acaf9cacf7ba7c', '0,1,9a5a8eada7a14818a7acaf9cacf7ba7c,', 'df6ee202408d4ac8a457f372a3f5df1a', '1', '', '活动实体', '', '', '', '', '', 30, '0', '1', '0', '0', '0', '', '', '', '1', '2016-04-10 11:26:15', '1', '2016-04-10 11:26:15', NULL, '0');
/*!40000 ALTER TABLE `cms_category` ENABLE KEYS */;

-- 导出  表 west-studio.cms_comment 结构
CREATE TABLE IF NOT EXISTS `cms_comment` (
  `id` varchar(64) NOT NULL COMMENT '编号',
  `category_id` varchar(64) NOT NULL COMMENT '栏目编号',
  `content_id` varchar(64) NOT NULL COMMENT '栏目内容的编号',
  `title` varchar(255) DEFAULT NULL COMMENT '栏目内容的标题',
  `content` varchar(255) DEFAULT NULL COMMENT '评论内容',
  `name` varchar(100) DEFAULT NULL COMMENT '评论姓名',
  `ip` varchar(100) DEFAULT NULL COMMENT '评论IP',
  `create_date` datetime NOT NULL COMMENT '评论时间',
  `audit_user_id` varchar(64) DEFAULT NULL COMMENT '审核人',
  `audit_date` datetime DEFAULT NULL COMMENT '审核时间',
  `del_flag` char(1) NOT NULL DEFAULT '0' COMMENT '删除标记',
  PRIMARY KEY (`id`),
  KEY `cms_comment_category_id` (`category_id`),
  KEY `cms_comment_content_id` (`content_id`),
  KEY `cms_comment_status` (`del_flag`)
) ENGINE=InnoDB DEFAULT CHARSET=utf8 COMMENT='评论表';

-- 正在导出表  west-studio.cms_comment 的数据：~2 rows (大约)
/*!40000 ALTER TABLE `cms_comment` DISABLE KEYS */;
INSERT INTO `cms_comment` (`id`, `category_id`, `content_id`, `title`, `content`, `name`, `ip`, `create_date`, `audit_user_id`, `audit_date`, `del_flag`) VALUES
	('65005e1ef71749efbf77eb729cf96be8', '8', '18', '【Linux】正确的关机方法', '弹道导弹', '匿名', '192.168.1.102', '2016-04-18 02:21:31', '1', '2016-07-30 23:16:15', '0'),
	('b95c4d1796a64ff2aeb581746b7de9a7', '7', '14', '项目导航', '今天很高兴', '匿名', '0:0:0:0:0:0:0:1', '2016-07-30 22:44:28', '1', '2016-07-30 22:45:05', '0');
/*!40000 ALTER TABLE `cms_comment` ENABLE KEYS */;

-- 导出  表 west-studio.cms_guestbook 结构
CREATE TABLE IF NOT EXISTS `cms_guestbook` (
  `id` varchar(64) NOT NULL COMMENT '编号',
  `type` char(1) NOT NULL COMMENT '留言分类',
  `content` varchar(255) NOT NULL COMMENT '留言内容',
  `name` varchar(100) NOT NULL COMMENT '姓名',
  `email` varchar(100) NOT NULL COMMENT '邮箱',
  `phone` varchar(100) NOT NULL COMMENT '电话',
  `workunit` varchar(100) NOT NULL COMMENT '单位',
  `ip` varchar(100) NOT NULL COMMENT 'IP',
  `create_date` datetime NOT NULL COMMENT '留言时间',
  `re_user_id` varchar(64) DEFAULT NULL COMMENT '回复人',
  `re_date` datetime DEFAULT NULL COMMENT '回复时间',
  `re_content` varchar(100) DEFAULT NULL COMMENT '回复内容',
  `del_flag` char(1) NOT NULL DEFAULT '0' COMMENT '删除标记',
  PRIMARY KEY (`id`),
  KEY `cms_guestbook_del_flag` (`del_flag`)
) ENGINE=InnoDB DEFAULT CHARSET=utf8 COMMENT='留言板';

-- 正在导出表  west-studio.cms_guestbook 的数据：~2 rows (大约)
/*!40000 ALTER TABLE `cms_guestbook` DISABLE KEYS */;
INSERT INTO `cms_guestbook` (`id`, `type`, `content`, `name`, `email`, `phone`, `workunit`, `ip`, `create_date`, `re_user_id`, `re_date`, `re_content`, `del_flag`) VALUES
	('0d47865f724346b0b31b98714cc8bd3e', '1', 'ddddd', 'test', 'yswj81@ho.com', '18518309181', 'dddd', '0:0:0:0:0:0:0:1', '2016-04-10 11:02:09', '1', '2016-04-10 11:20:26', 'ce', '0'),
	('b731994d0da743228e925d131f7088f0', '1', 'ddd', 'aaaaa', 'ddr@hotmalil.com', '18518309181', 'beijing', '0:0:0:0:0:0:0:1', '2016-04-10 11:21:08', '1', '2016-04-10 11:21:27', 'z', '0');
/*!40000 ALTER TABLE `cms_guestbook` ENABLE KEYS */;

-- 导出  表 west-studio.cms_link 结构
CREATE TABLE IF NOT EXISTS `cms_link` (
  `id` varchar(64) NOT NULL COMMENT '编号',
  `category_id` varchar(64) NOT NULL COMMENT '栏目编号',
  `title` varchar(255) NOT NULL COMMENT '链接名称',
  `color` varchar(50) DEFAULT NULL COMMENT '标题颜色',
  `image` varchar(255) DEFAULT NULL COMMENT '链接图片',
  `href` varchar(255) DEFAULT NULL COMMENT '链接地址',
  `weight` int(11) DEFAULT '0' COMMENT '权重，越大越靠前',
  `weight_date` datetime DEFAULT NULL COMMENT '权重期限',
  `create_by` varchar(64) DEFAULT NULL COMMENT '创建者',
  `create_date` datetime DEFAULT NULL COMMENT '创建时间',
  `update_by` varchar(64) DEFAULT NULL COMMENT '更新者',
  `update_date` datetime DEFAULT NULL COMMENT '更新时间',
  `remarks` varchar(255) DEFAULT NULL COMMENT '备注信息',
  `del_flag` char(1) NOT NULL DEFAULT '0' COMMENT '删除标记',
  PRIMARY KEY (`id`),
  KEY `cms_link_category_id` (`category_id`),
  KEY `cms_link_title` (`title`),
  KEY `cms_link_del_flag` (`del_flag`),
  KEY `cms_link_weight` (`weight`),
  KEY `cms_link_create_by` (`create_by`),
  KEY `cms_link_update_date` (`update_date`)
) ENGINE=InnoDB DEFAULT CHARSET=utf8 COMMENT='友情链接';

-- 正在导出表  west-studio.cms_link 的数据：~13 rows (大约)
/*!40000 ALTER TABLE `cms_link` DISABLE KEYS */;
INSERT INTO `cms_link` (`id`, `category_id`, `title`, `color`, `image`, `href`, `weight`, `weight_date`, `create_by`, `create_date`, `update_by`, `update_date`, `remarks`, `del_flag`) VALUES
	('1', '19', 'JeeSite', NULL, NULL, 'http://thinkgem.github.com/jeesite', 0, NULL, '1', '2013-05-27 08:00:00', '1', '2013-05-27 08:00:00', NULL, '1'),
	('10', '22', '58同城', NULL, NULL, 'http://www.58.com/', 0, NULL, '1', '2013-05-27 08:00:00', '1', '2013-05-27 08:00:00', NULL, '1'),
	('11', '23', '视频大全', NULL, NULL, 'http://v.360.cn/', 0, NULL, '1', '2013-05-27 08:00:00', '1', '2013-05-27 08:00:00', NULL, '1'),
	('12', '19', '社区', '', '', 'http://www.bucuoa.com/', 0, NULL, '1', '2013-05-27 08:00:00', '1', '2016-07-30 23:33:15', '', '0'),
	('2', '19', 'ThinkGem', NULL, NULL, 'http://thinkgem.iteye.com/', 0, NULL, '1', '2013-05-27 08:00:00', '1', '2013-05-27 08:00:00', NULL, '1'),
	('3', '19', '百度一下', NULL, NULL, 'http://www.baidu.com', 0, NULL, '1', '2013-05-27 08:00:00', '1', '2013-05-27 08:00:00', NULL, '1'),
	('4', '19', '谷歌搜索', NULL, NULL, 'http://www.google.com', 0, NULL, '1', '2013-05-27 08:00:00', '1', '2013-05-27 08:00:00', NULL, '1'),
	('5', '20', '新浪网', NULL, NULL, 'http://www.sina.com.cn', 0, NULL, '1', '2013-05-27 08:00:00', '1', '2013-05-27 08:00:00', NULL, '1'),
	('6', '20', '腾讯网', NULL, NULL, 'http://www.qq.com/', 0, NULL, '1', '2013-05-27 08:00:00', '1', '2013-05-27 08:00:00', NULL, '1'),
	('7', '21', '淘宝网', NULL, NULL, 'http://www.taobao.com/', 0, NULL, '1', '2013-05-27 08:00:00', '1', '2013-05-27 08:00:00', NULL, '1'),
	('8', '21', '新华网', NULL, NULL, 'http://www.xinhuanet.com/', 0, NULL, '1', '2013-05-27 08:00:00', '1', '2013-05-27 08:00:00', NULL, '1'),
	('9', '22', '赶集网', NULL, NULL, 'http://www.ganji.com/', 0, NULL, '1', '2013-05-27 08:00:00', '1', '2013-05-27 08:00:00', NULL, '1'),
	('b7b258ab038b481e8afdc2961e949fd4', '19', '群组', '', '', 'http://group.bucuoa.com', 999, NULL, '1', '2016-07-30 23:35:48', '1', '2016-07-30 23:42:58', '', '0');
/*!40000 ALTER TABLE `cms_link` ENABLE KEYS */;

-- 导出  表 west-studio.cms_site 结构
CREATE TABLE IF NOT EXISTS `cms_site` (
  `id` varchar(64) NOT NULL COMMENT '编号',
  `name` varchar(100) NOT NULL COMMENT '站点名称',
  `title` varchar(100) NOT NULL COMMENT '站点标题',
  `logo` varchar(255) DEFAULT NULL COMMENT '站点Logo',
  `domain` varchar(255) DEFAULT NULL COMMENT '站点域名',
  `description` varchar(255) DEFAULT NULL COMMENT '描述',
  `keywords` varchar(255) DEFAULT NULL COMMENT '关键字',
  `theme` varchar(255) DEFAULT 'default' COMMENT '主题',
  `copyright` text COMMENT '版权信息',
  `custom_index_view` varchar(255) DEFAULT NULL COMMENT '自定义站点首页视图',
  `create_by` varchar(64) DEFAULT NULL COMMENT '创建者',
  `create_date` datetime DEFAULT NULL COMMENT '创建时间',
  `update_by` varchar(64) DEFAULT NULL COMMENT '更新者',
  `update_date` datetime DEFAULT NULL COMMENT '更新时间',
  `remarks` varchar(255) DEFAULT NULL COMMENT '备注信息',
  `del_flag` char(1) NOT NULL DEFAULT '0' COMMENT '删除标记',
  PRIMARY KEY (`id`),
  KEY `cms_site_del_flag` (`del_flag`)
) ENGINE=InnoDB DEFAULT CHARSET=utf8 COMMENT='站点表';

-- 正在导出表  west-studio.cms_site 的数据：~3 rows (大约)
/*!40000 ALTER TABLE `cms_site` DISABLE KEYS */;
INSERT INTO `cms_site` (`id`, `name`, `title`, `logo`, `domain`, `description`, `keywords`, `theme`, `copyright`, `custom_index_view`, `create_by`, `create_date`, `update_by`, `update_date`, `remarks`, `del_flag`) VALUES
	('1', '默认站点', 'BuCuoA 企业平台', '', NULL, 'bucuoa', 'bucuoa', 'basic', '<p>\r\n	Copyright &copy; 2012-2013 West - Powered By Bucuoa V1.0</p>', '', '1', '2013-05-27 08:00:00', '1', '2016-07-31 11:21:33', NULL, '0'),
	('2', '圈子', '圈子', '', NULL, '', '', 'basic', '<p>\r\n	Copyright &copy; 2012-2017 bank - Powered By bucuoa.com V1.0</p>', '', '1', '2013-05-27 08:00:00', '1', '2017-02-26 20:09:18', NULL, '0'),
	('df6ee202408d4ac8a457f372a3f5df1a', '机器人首页', '机器人', '', NULL, '测试', '测试', 'basic', '<p>\r\n	测试</p>', '', '1', '2016-04-10 11:25:08', '1', '2016-04-10 11:25:08', NULL, '1');
/*!40000 ALTER TABLE `cms_site` ENABLE KEYS */;

-- 导出  表 west-studio.shop 结构
CREATE TABLE IF NOT EXISTS `shop` (
  `id` bigint(20) NOT NULL AUTO_INCREMENT COMMENT 'id',
  `title` varchar(200) DEFAULT NULL COMMENT '标题',
  `shop_type` varchar(20) DEFAULT NULL COMMENT '类型',
  `acreage` int(11) DEFAULT NULL COMMENT '面积',
  `address` varchar(200) DEFAULT NULL COMMENT '地址',
  `contact` varchar(20) DEFAULT NULL COMMENT '联系人',
  `tel` varchar(20) DEFAULT NULL COMMENT '电话',
  `user_id` varchar(20) DEFAULT '',
  `user_name` varchar(20) DEFAULT '',
  `content` text COMMENT '内容',
  `create_date` datetime DEFAULT NULL COMMENT '时间',
  `end_date` datetime DEFAULT NULL COMMENT '结束时间',
  `statux` int(11) DEFAULT '0',
  PRIMARY KEY (`id`)
) ENGINE=InnoDB AUTO_INCREMENT=4 DEFAULT CHARSET=utf8 ROW_FORMAT=DYNAMIC;

-- 正在导出表  west-studio.shop 的数据：~3 rows (大约)
/*!40000 ALTER TABLE `shop` DISABLE KEYS */;
INSERT INTO `shop` (`id`, `title`, `shop_type`, `acreage`, `address`, `contact`, `tel`, `user_id`, `user_name`, `content`, `create_date`, `end_date`, `statux`) VALUES
	(1, '天津劝业市场', NULL, 200, '天津宝坻东 ', '梁山好汉', '1982202022', '', '', '嘻嘻嘻', '2017-03-05 21:32:02', '2017-02-25 19:07:27', 1),
	(2, '出租北京东直门门面房', '写字楼', 200, '北京东直门甲一号', '吴海军', '18518388381', '', '', '我是一个很好的房东，房子能挣钱！', '2017-03-05 21:38:49', NULL, 1),
	(3, '出租北京东直门门面房2', '写字楼', 200, '北京东直门甲一号', '吴海军', '18518388381', '', '', '我是一个很好的房东，房子能挣钱！', NULL, NULL, 1);
/*!40000 ALTER TABLE `shop` ENABLE KEYS */;

-- 导出  表 west-studio.sys_area 结构
CREATE TABLE IF NOT EXISTS `sys_area` (
  `id` varchar(64) NOT NULL COMMENT '编号',
  `parent_id` varchar(64) NOT NULL COMMENT '父级编号',
  `parent_ids` varchar(2000) NOT NULL COMMENT '所有父级编号',
  `name` varchar(100) NOT NULL COMMENT '名称',
  `sort` decimal(10,0) NOT NULL COMMENT '排序',
  `code` varchar(100) DEFAULT NULL COMMENT '区域编码',
  `type` char(1) DEFAULT NULL COMMENT '区域类型',
  `create_by` varchar(64) NOT NULL COMMENT '创建者',
  `create_date` datetime NOT NULL COMMENT '创建时间',
  `update_by` varchar(64) NOT NULL COMMENT '更新者',
  `update_date` datetime NOT NULL COMMENT '更新时间',
  `remarks` varchar(255) DEFAULT NULL COMMENT '备注信息',
  `del_flag` char(1) NOT NULL DEFAULT '0' COMMENT '删除标记',
  PRIMARY KEY (`id`),
  KEY `sys_area_parent_id` (`parent_id`),
  KEY `sys_area_del_flag` (`del_flag`)
) ENGINE=InnoDB DEFAULT CHARSET=utf8 COMMENT='区域表';

-- 正在导出表  west-studio.sys_area 的数据：~274 rows (大约)
/*!40000 ALTER TABLE `sys_area` DISABLE KEYS */;
INSERT INTO `sys_area` (`id`, `parent_id`, `parent_ids`, `name`, `sort`, `code`, `type`, `create_by`, `create_date`, `update_by`, `update_date`, `remarks`, `del_flag`) VALUES
	('0011ad0a393144c782bb03567cf3cf30', '4fb04170edb84e1c8777870f966e76e6', '0,1,2,3,4fb04170edb84e1c8777870f966e76e6,', '东姚温村', 30, '5', '6', '1', '2017-02-11 23:45:12', '1', '2017-02-11 23:45:12', '', '0'),
	('00382472eaef448d8e58c944a5ca0a2f', '5', '0,1,2,3,5,', '三娄寺村', 30, '10', '6', '1', '2017-02-11 22:27:29', '1', '2017-02-11 22:27:29', '', '0'),
	('00afe02a24184517a011b07f5aa7eda9', 'cca1ae459ccd4c8b933e1e3e5f18b027', '0,1,2,3,cca1ae459ccd4c8b933e1e3e5f18b027,', '小鸳鸯村', 30, '13', '6', '1', '2017-02-11 23:47:45', '1', '2017-02-11 23:47:45', '', '0'),
	('0184bad9544d4232a4e8813be0c43477', '4', '0,1,2,3,4,', '陈村', 30, '18', '5', 'b9cfb70b41c049baa62058c11be2a03b', '2017-02-06 23:31:03', 'b9cfb70b41c049baa62058c11be2a03b', '2017-02-06 23:43:44', '', '0'),
	('0276a78cd72445c3ae9db2500dd17e53', '9dcc969bf63845b5974bc30f8366f2ea', '0,1,2,3,9dcc969bf63845b5974bc30f8366f2ea,', '清华村', 30, '8', '6', '1', '2017-02-11 23:32:33', '1', '2017-02-11 23:36:02', '', '0'),
	('02f8a6bf131145b1b23ea6fa79617783', '4', '0,1,2,3,4,', '牛家村', 30, '18', '5', 'b9cfb70b41c049baa62058c11be2a03b', '2017-02-06 23:32:13', 'b9cfb70b41c049baa62058c11be2a03b', '2017-02-06 23:42:50', '', '0'),
	('037381761ddc4182967bfcd2df7b2fd1', '39d7231674aa417284c9220427f0adfe', '0,1,2,3,39d7231674aa417284c9220427f0adfe,', '康蜀', 30, '15', '6', '1', '2017-02-11 23:57:02', '1', '2017-02-11 23:57:02', '', '0'),
	('03a26bb7882d41fca2a9e46c559901ce', '6', '0,1,2,3,6,', '杨村村', 30, '11', '6', '1', '2017-02-11 23:25:08', '1', '2017-02-11 23:25:08', '', '0'),
	('0429c1db6b8f445c8f48a2f1e0e1f4fa', '4290613eecc4463ba1449ac9ed98d6e3', '0,1,2,3,4290613eecc4463ba1449ac9ed98d6e3,', '荣盛庄', 30, '6', '6', '1', '2017-02-11 23:43:49', '1', '2017-02-11 23:43:49', '', '0'),
	('0553e22313d64bb4a420f32e40d1fb7a', '39d7231674aa417284c9220427f0adfe', '0,1,2,3,39d7231674aa417284c9220427f0adfe,', '长处', 30, '15', '6', '1', '2017-02-11 23:57:02', '1', '2017-02-11 23:57:02', '', '0'),
	('0556c9081f204f6faaa22bf9dd76d3e8', 'b9e4ab4dd900435495db2a7ba01848e1', '0,1,2,3,b9e4ab4dd900435495db2a7ba01848e1,', '窑店村', 30, '16', '6', '1', '2017-02-11 23:31:52', '1', '2017-02-11 23:31:52', '', '0'),
	('0643ad9616174410ad008ce599e5f031', 'e7c53987b47a454c80ca319045754695', '0,1,2,3,6,e7c53987b47a454c80ca319045754695,', '胜光村', 30, '12', '6', '1', '2017-02-11 23:51:33', '1', '2017-02-11 23:51:33', '', '0'),
	('06c2439bc26e40da8409f5ea3b1d67be', '4', '0,1,2,3,4,', '三家店', 30, '18', '5', 'b9cfb70b41c049baa62058c11be2a03b', '2017-02-06 23:32:04', 'b9cfb70b41c049baa62058c11be2a03b', '2017-02-06 23:42:55', '', '0'),
	('0827d6124e9649ac858dbbf919ad6d02', '4290613eecc4463ba1449ac9ed98d6e3', '0,1,2,3,4290613eecc4463ba1449ac9ed98d6e3,', '郭李村', 30, '6', '6', '1', '2017-02-11 23:43:49', '1', '2017-02-11 23:43:49', '', '0'),
	('08dd0a55af2e48e9ac05378ac55d5e50', '39d7231674aa417284c9220427f0adfe', '0,1,2,3,39d7231674aa417284c9220427f0adfe,', '北陶村', 30, '15', '6', '1', '2017-02-11 23:38:40', '1', '2017-02-11 23:38:40', '', '0'),
	('0b502d85f21a4c58bda802c7018c2423', '39d7231674aa417284c9220427f0adfe', '0,1,2,3,39d7231674aa417284c9220427f0adfe,', '南阳', 30, '15', '6', '1', '2017-02-11 23:57:03', '1', '2017-02-11 23:57:03', '', '0'),
	('0d26bd4b5a8548c3a2fd4efe9e96e20d', '6', '0,1,2,3,6,', '王店村', 30, '12', '6', '1', '2017-02-11 23:26:56', '1', '2017-02-11 23:26:56', '', '0'),
	('0d387e65eb16471a96dc7379b45f48ad', '9dcc969bf63845b5974bc30f8366f2ea', '0,1,2,3,9dcc969bf63845b5974bc30f8366f2ea,', '陶窑村', 30, '8', '6', '1', '2017-02-11 23:32:33', '1', '2017-02-11 23:35:48', '', '0'),
	('0e06c02774004e1e8f076ce233502f01', '4', '0,1,2,3,4,', '下寺村', 30, '18', '6', '1', '2017-02-12 12:13:32', '1', '2017-02-12 12:13:32', '', '0'),
	('0ef73cfb98804d5d91a9706215f5d940', '4', '0,1,2,3,4,', '李巷村', 30, '18', '5', 'b9cfb70b41c049baa62058c11be2a03b', '2017-02-06 23:30:25', 'b9cfb70b41c049baa62058c11be2a03b', '2017-02-06 23:44:01', '', '0'),
	('0f0b874896774efc9c0272ec2c8a7f9b', '4fb04170edb84e1c8777870f966e76e6', '0,1,2,3,4fb04170edb84e1c8777870f966e76e6,', '上庄村', 30, '2', '6', '1', '2017-02-11 23:44:28', '1', '2017-02-11 23:44:28', '', '0'),
	('0fdbe188139047c793edb7e1ec3b181c', 'cca1ae459ccd4c8b933e1e3e5f18b027', '0,1,2,3,cca1ae459ccd4c8b933e1e3e5f18b027,', '南湖村', 30, '13', '6', '1', '2017-02-11 23:47:45', '1', '2017-02-11 23:47:45', '', '0'),
	('1', '0', '0,', '中国', 10, '100000', '1', '1', '2013-05-27 08:00:00', '1', '2013-05-27 08:00:00', NULL, '0'),
	('10134ac767b449b9859efef4c5f82532', '6', '0,1,2,3,6,', '古城村', 30, '12', '6', '1', '2017-02-11 23:26:56', '1', '2017-02-11 23:26:56', '', '0'),
	('111a8ecfd57340a19bba0332d6abd6de', 'cca1ae459ccd4c8b933e1e3e5f18b027', '0,1,2,3,cca1ae459ccd4c8b933e1e3e5f18b027,', '常青村', 30, '14', '6', '1', '2017-02-11 23:29:58', '1', '2017-02-11 23:29:58', '', '0'),
	('111ee26590514a668a167a8b56d78aea', '9dcc969bf63845b5974bc30f8366f2ea', '0,1,2,3,9dcc969bf63845b5974bc30f8366f2ea,', '南梯村', 30, '7', '6', '1', '2017-02-11 23:55:24', '1', '2017-02-11 23:55:24', '', '0'),
	('112ec0c3aac34460aa31a912c925611f', '4429c7ae4a974332a2f5de53d975659a', '0,1,2,3,4429c7ae4a974332a2f5de53d975659a,', '东伍姓村', 30, '4', '6', '1', '2017-02-11 23:39:27', '1', '2017-02-11 23:40:59', '', '0'),
	('1177c89ba2df4b52a8c6dbfbdd351ae9', '5', '0,1,2,3,5,', '樊卫村', 30, '9', '6', '1', '2017-02-11 22:22:23', '1', '2017-02-11 22:24:07', '', '0'),
	('12ded73beb68409ca01e033488c460b8', '39d7231674aa417284c9220427f0adfe', '0,1,2,3,39d7231674aa417284c9220427f0adfe,', '北阳', 30, '15', '6', '1', '2017-02-11 23:57:03', '1', '2017-02-11 23:57:03', '', '0'),
	('13275115afb4428f8a253f6baa5bd4f4', '5', '0,1,2,3,5,', '麻村', 30, '9', '6', '1', '2017-02-11 22:21:15', '1', '2017-02-11 22:23:23', '', '0'),
	('1456dfbf78de45d19a6965e1ea66a190', '9dcc969bf63845b5974bc30f8366f2ea', '0,1,2,3,9dcc969bf63845b5974bc30f8366f2ea,', '西源头村', 30, '7', '6', '1', '2017-02-11 23:34:51', '1', '2017-02-11 23:34:51', '', '0'),
	('149b6906015f4d54b8790fcc745bded5', '6', '0,1,2,3,6,', '黄营村', 30, '11', '6', '1', '2017-02-11 23:25:08', '1', '2017-02-11 23:25:08', '', '0'),
	('14c7c36f646b4da0a14fb64ea77d5551', '39d7231674aa417284c9220427f0adfe', '0,1,2,3,39d7231674aa417284c9220427f0adfe,', '黄龙', 30, '15', '6', '1', '2017-02-11 23:56:50', '1', '2017-02-11 23:56:50', '', '0'),
	('1502606ff35c4293adf8354d8a714627', 'b9e4ab4dd900435495db2a7ba01848e1', '0,1,2,3,b9e4ab4dd900435495db2a7ba01848e1,', '孟盟桥', 30, '17', '6', '1', '2017-02-11 23:31:12', '1', '2017-02-11 23:31:12', '', '0'),
	('156248a9125e46cf9e1241f391f189c7', '6', '0,1,2,3,6,', '朱家庄', 30, '11', '6', '1', '2017-02-11 23:25:07', '1', '2017-02-11 23:25:07', '', '0'),
	('17a07d0acdc141688a43347a6147d6bc', '6', '0,1,2,3,6,', '牌首村', 30, '11', '6', '1', '2017-02-11 23:25:08', '1', '2017-02-11 23:25:08', '', '0'),
	('17aee6852d85444489de3da0d6bf3b78', '4429c7ae4a974332a2f5de53d975659a', '0,1,2,3,4429c7ae4a974332a2f5de53d975659a,', '三张村', 30, '4', '6', '1', '2017-02-11 23:39:27', '1', '2017-02-11 23:40:10', '', '0'),
	('190c37880a8d4e9c9c3e83f01ac8143e', '4', '0,1,2,3,4,', '上源头村', 30, '19', '5', 'b9cfb70b41c049baa62058c11be2a03b', '2017-02-06 23:45:01', 'b9cfb70b41c049baa62058c11be2a03b', '2017-02-06 23:45:01', '', '0'),
	('19b99b9776704f51b4cbc3f2898911be', '4429c7ae4a974332a2f5de53d975659a', '0,1,2,3,4429c7ae4a974332a2f5de53d975659a,', '赵伊村', 30, '3', '6', '1', '2017-02-11 23:42:10', '1', '2017-02-11 23:42:10', '', '0'),
	('1a2917825a5e40e0a14e4f1a18616a65', '4', '0,1,2,3,4,', '贺家村', 30, '18', '5', 'b9cfb70b41c049baa62058c11be2a03b', '2017-02-06 23:31:24', 'b9cfb70b41c049baa62058c11be2a03b', '2017-02-06 23:43:37', '', '0'),
	('1a84325cc09844ff8965f0f50220db93', '9dcc969bf63845b5974bc30f8366f2ea', '0,1,2,3,9dcc969bf63845b5974bc30f8366f2ea,', '土乐村', 30, '8', '6', '1', '2017-02-11 23:32:33', '1', '2017-02-11 23:35:56', '', '0'),
	('1b524f220da54c468a6404dd530c1277', '4fb04170edb84e1c8777870f966e76e6', '0,1,2,3,4fb04170edb84e1c8777870f966e76e6,', '任阳村', 30, '5', '6', '1', '2017-02-11 23:45:12', '1', '2017-02-11 23:45:12', '', '0'),
	('1c0e0d5d1c964800912191772c812794', '39d7231674aa417284c9220427f0adfe', '0,1,2,3,39d7231674aa417284c9220427f0adfe,', '西敬', 30, '15', '6', '1', '2017-02-11 23:56:50', '1', '2017-02-11 23:56:50', '', '0'),
	('1cbf769c249644498f115bb249363e78', '4', '0,1,2,3,4,', '长旺村', 30, '19', '5', 'b9cfb70b41c049baa62058c11be2a03b', '2017-02-06 23:44:31', 'b9cfb70b41c049baa62058c11be2a03b', '2017-02-06 23:44:31', '', '0'),
	('2', '1', '0,1,', '山西省', 20, '110000', '2', '1', '2013-05-27 08:00:00', 'b9cfb70b41c049baa62058c11be2a03b', '2017-02-09 11:54:54', '', '0'),
	('2079c94458bd491e954558790295269f', '9dcc969bf63845b5974bc30f8366f2ea', '0,1,2,3,9dcc969bf63845b5974bc30f8366f2ea,', '风柏峪村', 30, '7', '6', '1', '2017-02-11 23:34:51', '1', '2017-02-11 23:53:55', '', '0'),
	('237daaf84dcf420c99d479e0a5df6a22', '9dcc969bf63845b5974bc30f8366f2ea', '0,1,2,3,9dcc969bf63845b5974bc30f8366f2ea,', '永安村', 30, '7', '6', '1', '2017-02-11 23:34:51', '1', '2017-02-11 23:34:51', '', '0'),
	('248caa9070ee44cba619a891fc1d7410', '6', '0,1,2,3,6,', '常营村', 30, '12', '6', '1', '2017-02-11 23:26:56', '1', '2017-02-11 23:26:56', '', '0'),
	('2497d666cb0d4ad99cdd1eb7d65307c2', '9dcc969bf63845b5974bc30f8366f2ea', '0,1,2,3,9dcc969bf63845b5974bc30f8366f2ea,', '吴闫村', 30, '7', '6', '1', '2017-02-11 23:55:24', '1', '2017-02-11 23:55:24', '', '0'),
	('25232faebba34b76b701b7c3b7c6300b', '3', '0,1,2,3,', '下寺村', 30, '', '5', 'b9cfb70b41c049baa62058c11be2a03b', '2017-02-06 23:25:27', 'b9cfb70b41c049baa62058c11be2a03b', '2017-02-06 23:29:02', '', '1'),
	('2641ce99396f431c8fccf51b7ba3233c', '4', '0,1,2,3,4,', '孙家庄', 30, '18', '5', 'b9cfb70b41c049baa62058c11be2a03b', '2017-02-06 23:31:40', 'b9cfb70b41c049baa62058c11be2a03b', '2017-02-06 23:43:09', '', '0'),
	('27dcb7c5449a4c45b37c91b8a7d0a63d', '9dcc969bf63845b5974bc30f8366f2ea', '0,1,2,3,9dcc969bf63845b5974bc30f8366f2ea,', '雷庄村', 30, '8', '6', '1', '2017-02-11 23:32:33', '1', '2017-02-11 23:35:41', '', '0'),
	('2859e35966ab4ecb94c56f7d8380f195', '4fb04170edb84e1c8777870f966e76e6', '0,1,2,3,4fb04170edb84e1c8777870f966e76e6,', '庄子村', 30, '2', '6', '1', '2017-02-11 23:44:28', '1', '2017-02-11 23:44:28', '', '0'),
	('285e568288484515997a9b1c1a98d348', '5', '0,1,2,3,5,', '胥村', 30, '9', '6', '1', '2017-02-11 22:22:35', '1', '2017-02-11 22:24:13', '', '0'),
	('2a2fe969444c494ab0acfcd51af9711d', '4fb04170edb84e1c8777870f966e76e6', '0,1,2,3,4fb04170edb84e1c8777870f966e76e6,', '张华村', 30, '5', '6', '1', '2017-02-11 23:45:12', '1', '2017-02-11 23:45:12', '', '0'),
	('2b7b365607a8478f813895304dbf6fa6', '39d7231674aa417284c9220427f0adfe', '0,1,2,3,39d7231674aa417284c9220427f0adfe,', '敬祥', 30, '15', '6', '1', '2017-02-11 23:56:50', '1', '2017-02-11 23:56:50', '', '0'),
	('2bb75825c7db42ad97d8b96a69586456', '39d7231674aa417284c9220427f0adfe', '0,1,2,3,39d7231674aa417284c9220427f0adfe,', '小姚', 30, '15', '6', '1', '2017-02-11 23:57:03', '1', '2017-02-11 23:57:03', '', '0'),
	('2d34c48d3ae84ca7bd746f60b6dfe164', 'b9e4ab4dd900435495db2a7ba01848e1', '0,1,2,3,b9e4ab4dd900435495db2a7ba01848e1,', '西厢村', 30, '17', '6', '1', '2017-02-11 23:31:12', '1', '2017-02-11 23:31:12', '', '0'),
	('2ea844c2c86b44958319483ea9097a49', '4429c7ae4a974332a2f5de53d975659a', '0,1,2,3,4429c7ae4a974332a2f5de53d975659a,', '七社村', 30, '3', '6', '1', '2017-02-11 23:42:10', '1', '2017-02-11 23:42:10', '', '0'),
	('3', '2', '0,1,2,', '永济市', 30, '110101', '3', '1', '2013-05-27 08:00:00', 'b9cfb70b41c049baa62058c11be2a03b', '2017-02-06 23:24:28', '', '0'),
	('30a8c7e88d434463a4616e248249279c', 'b9e4ab4dd900435495db2a7ba01848e1', '0,1,2,3,b9e4ab4dd900435495db2a7ba01848e1,', '石庄村', 30, '17', '6', '1', '2017-02-11 23:31:12', '1', '2017-02-11 23:31:12', '', '0'),
	('320621d3ab4b4c459d8579dc8a41cec3', '9dcc969bf63845b5974bc30f8366f2ea', '0,1,2,3,9dcc969bf63845b5974bc30f8366f2ea,', '张家窑村', 30, '7', '6', '1', '2017-02-11 23:55:40', '1', '2017-02-11 23:55:40', '', '0'),
	('327a666b1a0b46f1855931c4bd2af83e', 'b9e4ab4dd900435495db2a7ba01848e1', '0,1,2,3,b9e4ab4dd900435495db2a7ba01848e1,', '寨子村', 30, '17', '6', '1', '2017-02-11 23:31:12', '1', '2017-02-11 23:31:12', '', '0'),
	('3516f78798294bbb884ea75cdb64ff34', 'cca1ae459ccd4c8b933e1e3e5f18b027', '0,1,2,3,cca1ae459ccd4c8b933e1e3e5f18b027,', '龙行村', 30, '13', '6', '1', '2017-02-11 23:47:45', '1', '2017-02-11 23:47:45', '', '0'),
	('3619786c536f4609b668f4c4af934b77', 'cca1ae459ccd4c8b933e1e3e5f18b027', '0,1,2,3,cca1ae459ccd4c8b933e1e3e5f18b027,', '西下村', 30, '14', '6', '1', '2017-02-11 23:29:58', '1', '2017-02-11 23:29:58', '', '0'),
	('36953a480ea249ffa8f7785e7e3f4151', '9dcc969bf63845b5974bc30f8366f2ea', '0,1,2,3,9dcc969bf63845b5974bc30f8366f2ea,', '三窑村', 30, '8', '6', '1', '2017-02-11 23:32:33', '1', '2017-02-11 23:36:08', '', '0'),
	('37df72138c99451eac7de1c5840d5562', '9dcc969bf63845b5974bc30f8366f2ea', '0,1,2,3,9dcc969bf63845b5974bc30f8366f2ea,', '于乡村', 30, '7', '6', '1', '2017-02-11 23:55:40', '1', '2017-02-11 23:55:40', '', '0'),
	('394b7edf89cc4babb3e556a1fc32092c', '39d7231674aa417284c9220427f0adfe', '0,1,2,3,39d7231674aa417284c9220427f0adfe,', '张营村', 30, '15', '6', '1', '2017-02-11 23:38:41', '1', '2017-02-11 23:38:41', '', '0'),
	('395320a7620c4c7c91a8b1b7bd0af42d', '4429c7ae4a974332a2f5de53d975659a', '0,1,2,3,4429c7ae4a974332a2f5de53d975659a,', '新庄村', 30, '4', '6', '1', '2017-02-11 23:57:57', '1', '2017-02-11 23:57:57', '', '0'),
	('39d7231674aa417284c9220427f0adfe', '3', '0,1,2,3,', '张营镇', 30, '', '4', 'b9cfb70b41c049baa62058c11be2a03b', '2017-02-06 23:25:56', 'b9cfb70b41c049baa62058c11be2a03b', '2017-02-09 12:27:02', '', '0'),
	('3af28672cf7b4ae6940da8710713088d', 'cca1ae459ccd4c8b933e1e3e5f18b027', '0,1,2,3,cca1ae459ccd4c8b933e1e3e5f18b027,', '大屯村', 30, '14', '6', '1', '2017-02-11 23:29:58', '1', '2017-02-11 23:29:58', '', '0'),
	('3c44b7c2a1be42c9aa4f7876936ef43d', '9dcc969bf63845b5974bc30f8366f2ea', '0,1,2,3,9dcc969bf63845b5974bc30f8366f2ea,', '扶窑村', 30, '7', '6', '1', '2017-02-11 23:55:24', '1', '2017-02-11 23:55:24', '', '0'),
	('3d6a06e66894406fbcc5226ed027447c', '39d7231674aa417284c9220427f0adfe', '0,1,2,3,39d7231674aa417284c9220427f0adfe,', '舜帝村', 30, '15', '6', '1', '2017-02-11 23:38:41', '1', '2017-02-11 23:38:41', '', '0'),
	('3eb5af27fddb455dbdcb83bb45d12a8e', '39d7231674aa417284c9220427f0adfe', '0,1,2,3,39d7231674aa417284c9220427f0adfe,', '常里', 30, '15', '6', '1', '2017-02-11 23:57:03', '1', '2017-02-11 23:57:03', '', '0'),
	('3eddbbe1d17549fa9bb62ce3b7d03f9b', '9dcc969bf63845b5974bc30f8366f2ea', '0,1,2,3,9dcc969bf63845b5974bc30f8366f2ea,', '庞营村', 30, '8', '6', '1', '2017-02-11 23:32:33', '1', '2017-02-11 23:36:15', '', '0'),
	('3feb3cd226564d1e9a942e1da8338cef', 'cca1ae459ccd4c8b933e1e3e5f18b027', '0,1,2,3,cca1ae459ccd4c8b933e1e3e5f18b027,', '栲栳村', 30, '13', '6', '1', '2017-02-11 23:29:15', '1', '2017-02-11 23:46:11', '', '0'),
	('4', '3', '0,1,2,3,', '韩阳镇', 40, '110102', '4', '1', '2013-05-27 08:00:00', 'b9cfb70b41c049baa62058c11be2a03b', '2017-02-09 12:26:56', '', '0'),
	('40fe9faca5344ace9b7ded80514b6e91', 'cca1ae459ccd4c8b933e1e3e5f18b027', '0,1,2,3,cca1ae459ccd4c8b933e1e3e5f18b027,', '长城村', 30, '13', '6', '1', '2017-02-11 23:29:15', '1', '2017-02-11 23:29:15', '', '0'),
	('4290613eecc4463ba1449ac9ed98d6e3', '3', '0,1,2,3,', '城东街道', 30, '', '4', 'b9cfb70b41c049baa62058c11be2a03b', '2017-02-06 23:26:14', 'b9cfb70b41c049baa62058c11be2a03b', '2017-02-06 23:26:31', '', '0'),
	('42b4af410d05424890b0825cb3bde3a0', '5', '0,1,2,3,5,', '务农庄村', 30, '10', '6', '1', '2017-02-11 22:28:16', '1', '2017-02-11 22:28:16', '', '0'),
	('436508044a9941a6b222a40a65aa8948', '5', '0,1,2,3,5,', '西安头村', 30, '10', '6', '1', '2017-02-11 22:26:19', '1', '2017-02-11 22:26:19', '', '0'),
	('437f442eb5104e33a1a46eafe54fee3e', 'cca1ae459ccd4c8b933e1e3e5f18b027', '0,1,2,3,cca1ae459ccd4c8b933e1e3e5f18b027,', '方池村', 30, '13', '6', '1', '2017-02-11 23:29:15', '1', '2017-02-11 23:29:15', '', '0'),
	('4429c7ae4a974332a2f5de53d975659a', '3', '0,1,2,3,', '城北街道', 30, '', '4', 'b9cfb70b41c049baa62058c11be2a03b', '2017-02-06 23:26:06', 'b9cfb70b41c049baa62058c11be2a03b', '2017-02-06 23:26:37', '', '0'),
	('44b2284c67c046fda048c2386e70adde', 'cca1ae459ccd4c8b933e1e3e5f18b027', '0,1,2,3,cca1ae459ccd4c8b933e1e3e5f18b027,', '吕封村', 30, '13', '6', '1', '2017-02-11 23:47:45', '1', '2017-02-11 23:47:45', '', '0'),
	('4639f646767a48fab9209270ce615514', '4290613eecc4463ba1449ac9ed98d6e3', '0,1,2,3,4290613eecc4463ba1449ac9ed98d6e3,', '孙李村', 30, '1', '6', '1', '2017-02-11 23:42:41', '1', '2017-02-11 23:42:41', '', '0'),
	('46b52f3548694836bb3b63dd087c8b80', '4fb04170edb84e1c8777870f966e76e6', '0,1,2,3,4fb04170edb84e1c8777870f966e76e6,', '小张村', 30, '2', '6', '1', '2017-02-11 23:44:28', '1', '2017-02-11 23:44:28', '', '0'),
	('490432215728467094e57c5966536aee', '39d7231674aa417284c9220427f0adfe', '0,1,2,3,39d7231674aa417284c9220427f0adfe,', '吕庄', 30, '15', '6', '1', '2017-02-11 23:38:41', '1', '2017-02-11 23:38:41', '', '0'),
	('4a6d665a5c3a4805938d47f48fbf4876', '9dcc969bf63845b5974bc30f8366f2ea', '0,1,2,3,9dcc969bf63845b5974bc30f8366f2ea,', '石佛寺村', 30, '7', '6', '1', '2017-02-11 23:55:24', '1', '2017-02-11 23:55:24', '', '0'),
	('4c2ed1fe868d4676902bc8763055e466', '39d7231674aa417284c9220427f0adfe', '0,1,2,3,39d7231674aa417284c9220427f0adfe,', '坛底村', 30, '15', '6', '1', '2017-02-11 23:38:40', '1', '2017-02-11 23:38:40', '', '0'),
	('4d5c4665e77f43d79d350eec48e9d6c4', 'b9e4ab4dd900435495db2a7ba01848e1', '0,1,2,3,b9e4ab4dd900435495db2a7ba01848e1,', '程胡庄村', 30, '16', '6', '1', '2017-02-11 23:31:52', '1', '2017-02-11 23:31:52', '', '0'),
	('4e53f17f08f24fc98b11bab1ef2990a4', '4', '0,1,2,3,4,', '南郑村', 30, '18', '5', 'b9cfb70b41c049baa62058c11be2a03b', '2017-02-06 23:30:03', 'b9cfb70b41c049baa62058c11be2a03b', '2017-02-06 23:44:09', '', '0'),
	('4e63665f3df64631b9f68796c47bc266', '5', '0,1,2,3,5,', '朱小张村', 30, '10', '6', '1', '2017-02-11 22:26:30', '1', '2017-02-11 22:26:30', '', '0'),
	('4ed1bb763ea64ff5a7cb043f083d53c8', '6', '0,1,2,3,6,', '城子埒村', 30, '11', '6', '1', '2017-02-11 23:25:07', '1', '2017-02-11 23:25:07', '', '0'),
	('4fa55cffca144ee3addebedaeae00bcf', '9dcc969bf63845b5974bc30f8366f2ea', '0,1,2,3,9dcc969bf63845b5974bc30f8366f2ea,', '东源头村', 30, '7', '6', '1', '2017-02-11 23:34:51', '1', '2017-02-11 23:34:51', '', '0'),
	('4fb04170edb84e1c8777870f966e76e6', '3', '0,1,2,3,', '城西街道', 30, '', '4', 'b9cfb70b41c049baa62058c11be2a03b', '2017-02-06 23:26:27', 'b9cfb70b41c049baa62058c11be2a03b', '2017-02-06 23:26:27', '', '0'),
	('5', '3', '0,1,2,3,', '卿头镇', 50, '110104', '4', '1', '2013-05-27 08:00:00', 'b9cfb70b41c049baa62058c11be2a03b', '2017-02-06 23:25:04', '', '0'),
	('52393166c1924c94b4855ad77010afc0', '5', '0,1,2,3,5,', '长杆村', 30, '10', '6', '1', '2017-02-11 22:27:05', '1', '2017-02-11 22:27:05', '', '0'),
	('525a4ffc02ee4c31aa61cb8769974319', '9dcc969bf63845b5974bc30f8366f2ea', '0,1,2,3,9dcc969bf63845b5974bc30f8366f2ea,', '洗马村', 30, '8', '6', '1', '2017-02-11 23:32:33', '1', '2017-02-11 23:36:40', '', '0'),
	('52ec3a146f3f4572a061bff870cef43d', '4290613eecc4463ba1449ac9ed98d6e3', '0,1,2,3,4290613eecc4463ba1449ac9ed98d6e3,', '孙常村', 30, '6', '6', '1', '2017-02-11 23:43:49', '1', '2017-02-11 23:43:49', '', '0'),
	('53fc54299c1f4e52b2994fc4a6ec263d', '39d7231674aa417284c9220427f0adfe', '0,1,2,3,39d7231674aa417284c9220427f0adfe,', '西吕', 30, '15', '6', '1', '2017-02-11 23:57:03', '1', '2017-02-11 23:57:03', '', '0'),
	('54d79d7edca14695814b943c01aa6964', '39d7231674aa417284c9220427f0adfe', '0,1,2,3,39d7231674aa417284c9220427f0adfe,', '丰乐庄', 30, '15', '6', '1', '2017-02-11 23:38:41', '1', '2017-02-11 23:38:41', '', '0'),
	('56d19480b88345d69aee276ec52d35f4', '5', '0,1,2,3,5,', '廉家庄村', 30, '10', '6', '1', '2017-02-11 22:29:10', '1', '2017-02-11 22:29:10', '', '0'),
	('58ae637651434b77b85007151af372f1', '4fb04170edb84e1c8777870f966e76e6', '0,1,2,3,4fb04170edb84e1c8777870f966e76e6,', '西姚温村', 30, '5', '6', '1', '2017-02-11 23:45:12', '1', '2017-02-11 23:45:12', '', '0'),
	('596735b819dd4d97b5dc97dfe4efe6b8', 'cca1ae459ccd4c8b933e1e3e5f18b027', '0,1,2,3,cca1ae459ccd4c8b933e1e3e5f18b027,', '南苏村', 30, '13', '6', '1', '2017-02-11 23:47:45', '1', '2017-02-11 23:47:45', '', '0'),
	('5a38d63dff5c4c54a0d77f913be6be02', '4429c7ae4a974332a2f5de53d975659a', '0,1,2,3,4429c7ae4a974332a2f5de53d975659a,', '西信昌村', 30, '4', '6', '1', '2017-02-11 23:57:57', '1', '2017-02-11 23:57:57', '', '0'),
	('5a71bef5c08d465d90fa16c8a3a057f6', 'cca1ae459ccd4c8b933e1e3e5f18b027', '0,1,2,3,cca1ae459ccd4c8b933e1e3e5f18b027,', '田村', 30, '13', '6', '1', '2017-02-11 23:47:45', '1', '2017-02-11 23:47:45', '', '0'),
	('5acafaed6f93420182119cbbbfe637f4', '9dcc969bf63845b5974bc30f8366f2ea', '0,1,2,3,9dcc969bf63845b5974bc30f8366f2ea,', '新义村', 30, '7', '6', '1', '2017-02-11 23:34:51', '1', '2017-02-11 23:34:51', '', '0'),
	('5b0d4283f3fd4844996c387489eb4392', '9dcc969bf63845b5974bc30f8366f2ea', '0,1,2,3,9dcc969bf63845b5974bc30f8366f2ea,', '古市营村', 30, '8', '6', '1', '2017-02-11 23:32:33', '1', '2017-02-11 23:36:34', '', '0'),
	('5ca03c012b434c459076aeef83e44802', '5', '0,1,2,3,5,', '卿头村', 30, '10', '6', '1', '2017-02-11 22:29:39', '1', '2017-02-11 22:29:39', '', '0'),
	('5ed6721836b34c45bffa4ede65c467bd', '5', '0,1,2,3,5,', '杜家营村', 30, '9', '6', '1', '2017-02-11 22:21:56', '1', '2017-02-11 22:23:43', '', '0'),
	('5f1a4fbb20864db4923495237740d4bf', '6', '0,1,2,3,6,', '杨庄村', 30, '12', '6', '1', '2017-02-11 23:26:56', '1', '2017-02-11 23:26:56', '', '0'),
	('6', '3', '0,1,2,3,', '开张镇', 60, '110105', '4', '1', '2013-05-27 08:00:00', 'b9cfb70b41c049baa62058c11be2a03b', '2017-02-06 23:25:13', '', '0'),
	('60bb3b7a03c248709522395ee40ae068', '4429c7ae4a974332a2f5de53d975659a', '0,1,2,3,4429c7ae4a974332a2f5de53d975659a,', '西白村', 30, '4', '6', '1', '2017-02-11 23:39:27', '1', '2017-02-11 23:40:19', '', '0'),
	('60c7fd520b434f6fa74d3f16aef1f71e', '39d7231674aa417284c9220427f0adfe', '0,1,2,3,39d7231674aa417284c9220427f0adfe,', '尊村', 30, '15', '6', '1', '2017-02-11 23:38:40', '1', '2017-02-11 23:38:40', '', '0'),
	('61b35a1ae33b4c60868a378b1350a943', 'cca1ae459ccd4c8b933e1e3e5f18b027', '0,1,2,3,cca1ae459ccd4c8b933e1e3e5f18b027,', '岔道村', 30, '13', '6', '1', '2017-02-11 23:29:15', '1', '2017-02-11 23:29:15', '', '0'),
	('629d0e13af07421e988fea981cac5138', '6', '0,1,2,3,6,', '宋家卓村', 30, '12', '6', '1', '2017-02-11 23:26:56', '1', '2017-02-11 23:26:56', '', '0'),
	('653b2f06a75e4910a0ddbea09541f347', '9dcc969bf63845b5974bc30f8366f2ea', '0,1,2,3,9dcc969bf63845b5974bc30f8366f2ea,', '定远村', 30, '7', '6', '1', '2017-02-11 23:55:40', '1', '2017-02-11 23:55:40', '', '0'),
	('654f24e34d7044fb88f550e909acd32e', '4', '0,1,2,3,4,', '辛店村', 30, '18', '5', 'b9cfb70b41c049baa62058c11be2a03b', '2017-02-06 23:30:54', 'b9cfb70b41c049baa62058c11be2a03b', '2017-02-06 23:43:48', '', '0'),
	('6605d19be4924976a13c0f5ab30025a5', '4429c7ae4a974332a2f5de53d975659a', '0,1,2,3,4429c7ae4a974332a2f5de53d975659a,', '下朝村', 30, '4', '6', '1', '2017-02-11 23:39:27', '1', '2017-02-11 23:40:27', '', '0'),
	('67ac8bfcfb714b509850d2f326eb24f4', 'cca1ae459ccd4c8b933e1e3e5f18b027', '0,1,2,3,cca1ae459ccd4c8b933e1e3e5f18b027,', '长杆村', 30, '13', '6', '1', '2017-02-11 23:47:45', '1', '2017-02-11 23:47:45', '', '0'),
	('687b4650b65a47a58fc465c00dc9ad27', '4', '0,1,2,3,4,', '韩阳', 30, '18', '5', 'b9cfb70b41c049baa62058c11be2a03b', '2017-02-06 23:31:13', 'b9cfb70b41c049baa62058c11be2a03b', '2017-02-06 23:43:41', '', '0'),
	('69b84263716e42c69fbf8ffe183d0b22', '9dcc969bf63845b5974bc30f8366f2ea', '0,1,2,3,9dcc969bf63845b5974bc30f8366f2ea,', '北梯村', 30, '7', '6', '1', '2017-02-11 23:34:51', '1', '2017-02-11 23:34:51', '', '0'),
	('69bd9564d9ff4eca9b131d4f5bec37b8', '39d7231674aa417284c9220427f0adfe', '0,1,2,3,39d7231674aa417284c9220427f0adfe,', '下吴村', 30, '15', '6', '1', '2017-02-11 23:38:41', '1', '2017-02-11 23:38:41', '', '0'),
	('6a901419af9d4e468d17208301fecd1d', '9dcc969bf63845b5974bc30f8366f2ea', '0,1,2,3,9dcc969bf63845b5974bc30f8366f2ea,', '东坦朝村', 30, '7', '6', '1', '2017-02-11 23:55:24', '1', '2017-02-11 23:55:24', '', '0'),
	('6befb6292e2246f5ab7cc2d1d9d8ab75', '9dcc969bf63845b5974bc30f8366f2ea', '0,1,2,3,9dcc969bf63845b5974bc30f8366f2ea,', '黄家窑村', 30, '7', '6', '1', '2017-02-11 23:55:40', '1', '2017-02-11 23:55:40', '', '0'),
	('6c5ba5532056469696fb5197e6ab7875', '4429c7ae4a974332a2f5de53d975659a', '0,1,2,3,4429c7ae4a974332a2f5de53d975659a,', '郭平店村', 30, '3', '6', '1', '2017-02-11 23:42:10', '1', '2017-02-11 23:42:10', '', '0'),
	('6d18167e99c94275a24ef500192d0a9f', '4290613eecc4463ba1449ac9ed98d6e3', '0,1,2,3,4290613eecc4463ba1449ac9ed98d6e3,', '侯孟村南郭沟', 30, '6', '6', '1', '2017-02-11 23:43:49', '1', '2017-02-11 23:43:49', '', '0'),
	('6dd1cbcf78e144ed89e60a88486d4a10', '4429c7ae4a974332a2f5de53d975659a', '0,1,2,3,4429c7ae4a974332a2f5de53d975659a,', '晓朝村', 30, '4', '6', '1', '2017-02-11 23:39:27', '1', '2017-02-11 23:40:37', '', '0'),
	('70c418b8bb6348749d67c86618affe7e', '5', '0,1,2,3,5,', '王杜村', 30, '9', '6', '1', '2017-02-11 22:22:57', '1', '2017-02-11 22:24:31', '', '0'),
	('70fe4e6e9d1241968a469b9d2da7251d', '4', '0,1,2,3,4,', '独头村', 30, '19', '5', 'b9cfb70b41c049baa62058c11be2a03b', '2017-02-06 23:44:42', 'b9cfb70b41c049baa62058c11be2a03b', '2017-02-06 23:44:42', '', '0'),
	('715cbded37aa41b588cd2a653f4dd4f3', '39d7231674aa417284c9220427f0adfe', '0,1,2,3,39d7231674aa417284c9220427f0adfe,', '南陶村', 30, '15', '6', '1', '2017-02-11 23:38:40', '1', '2017-02-11 23:38:40', '', '0'),
	('743f90011118498eac26ed4675d92eba', 'cca1ae459ccd4c8b933e1e3e5f18b027', '0,1,2,3,cca1ae459ccd4c8b933e1e3e5f18b027,', '北青村', 30, '14', '6', '1', '2017-02-11 23:29:58', '1', '2017-02-11 23:29:58', '', '0'),
	('7517e1f2a1754babb3cbbaa6d247ec2b', '4', '0,1,2,3,4,', '祁巷村', 30, '18', '5', 'b9cfb70b41c049baa62058c11be2a03b', '2017-02-06 23:30:37', 'b9cfb70b41c049baa62058c11be2a03b', '2017-02-06 23:43:57', '', '0'),
	('75e29447c5cf4510a15738bb859564b5', '9dcc969bf63845b5974bc30f8366f2ea', '0,1,2,3,9dcc969bf63845b5974bc30f8366f2ea,', '吕家堡村', 30, '7', '6', '1', '2017-02-11 23:34:51', '1', '2017-02-11 23:34:51', '', '0'),
	('76dbd9169c8f4d3e9723f8595b1a300b', '4429c7ae4a974332a2f5de53d975659a', '0,1,2,3,4429c7ae4a974332a2f5de53d975659a,', '西伍姓村', 30, '4', '6', '1', '2017-02-11 23:39:27', '1', '2017-02-11 23:41:07', '', '0'),
	('79ef463f472c445f9b613e3a3c78b63a', '6', '0,1,2,3,6,', '枣圪塔村', 30, '11', '6', '1', '2017-02-11 23:25:08', '1', '2017-02-11 23:25:08', '', '0'),
	('7a5984be21e64928a1ea914eb4a8d891', 'cca1ae459ccd4c8b933e1e3e5f18b027', '0,1,2,3,cca1ae459ccd4c8b933e1e3e5f18b027,', '秦村', 30, '14', '6', '1', '2017-02-11 23:29:58', '1', '2017-02-11 23:29:58', '', '0'),
	('7c037155fe6e4897821c3764b391ca58', '5', '0,1,2,3,5,', '张锁村', 30, '10', '6', '1', '2017-02-11 22:27:39', '1', '2017-02-11 22:27:39', '', '0'),
	('7cd8cbe671cb498a93b52d9f0ac65b42', '9dcc969bf63845b5974bc30f8366f2ea', '0,1,2,3,9dcc969bf63845b5974bc30f8366f2ea,', '刘家营村', 30, '7', '6', '1', '2017-02-11 23:55:40', '1', '2017-02-11 23:55:40', '', '0'),
	('7edf9332bb254ef3bda380884b19a593', '5', '0,1,2,3,5,', '西卿头村', 30, '10', '6', '1', '2017-02-11 22:27:14', '1', '2017-02-11 22:27:14', '', '0'),
	('7fd8175214944d9783f73eff1f220a9c', 'b9e4ab4dd900435495db2a7ba01848e1', '0,1,2,3,b9e4ab4dd900435495db2a7ba01848e1,', '东文学村', 30, '16', '6', '1', '2017-02-11 23:31:52', '1', '2017-02-11 23:31:52', '', '0'),
	('80b4de4c667144e5b6cf6fb8b224ff7a', '4', '0,1,2,3,4,', '祁家村', 30, '18', '5', 'b9cfb70b41c049baa62058c11be2a03b', '2017-02-06 23:31:47', 'b9cfb70b41c049baa62058c11be2a03b', '2017-02-06 23:43:05', '', '0'),
	('80f2efca053948c5b69d51801540cb3d', '1', '0,1,', '北京区', 30, '', '2', 'b9cfb70b41c049baa62058c11be2a03b', '2016-04-10 14:04:53', 'b9cfb70b41c049baa62058c11be2a03b', '2016-04-10 14:05:00', '', '0'),
	('83a85606a0bc42f59b7b4cfe8225e5ec', 'b9e4ab4dd900435495db2a7ba01848e1', '0,1,2,3,b9e4ab4dd900435495db2a7ba01848e1,', '西文学村', 30, '16', '6', '1', '2017-02-11 23:31:52', '1', '2017-02-11 23:31:52', '', '0'),
	('84cc4579e239409888cfcc8c67ed45bf', '9dcc969bf63845b5974bc30f8366f2ea', '0,1,2,3,9dcc969bf63845b5974bc30f8366f2ea,', '王官村', 30, '8', '6', '1', '2017-02-11 23:32:33', '1', '2017-02-11 23:36:28', '', '0'),
	('85b141e3fb26456baf9871436f962fc5', 'cca1ae459ccd4c8b933e1e3e5f18b027', '0,1,2,3,cca1ae459ccd4c8b933e1e3e5f18b027,', '青台庄', 30, '13', '6', '1', '2017-02-11 23:29:15', '1', '2017-02-11 23:29:15', '', '0'),
	('8684346e16e749358af164975e913882', '4429c7ae4a974332a2f5de53d975659a', '0,1,2,3,4429c7ae4a974332a2f5de53d975659a,', '席村', 30, '4', '6', '1', '2017-02-11 23:39:27', '1', '2017-02-11 23:40:52', '', '0'),
	('87e14126586a433d897139b785e3782a', 'b9e4ab4dd900435495db2a7ba01848e1', '0,1,2,3,b9e4ab4dd900435495db2a7ba01848e1,', '杨马村', 30, '17', '6', '1', '2017-02-11 23:31:12', '1', '2017-02-11 23:31:12', '', '0'),
	('8800b4c27b9541cdaa967234d20b89b6', 'cca1ae459ccd4c8b933e1e3e5f18b027', '0,1,2,3,cca1ae459ccd4c8b933e1e3e5f18b027,', '过远村', 30, '13', '6', '1', '2017-02-11 23:47:45', '1', '2017-02-11 23:48:57', '', '0'),
	('884f6d22239d4ec6a6fbded5740826c6', '6', '0,1,2,3,6,', '民生村', 30, '12', '6', '1', '2017-02-11 23:26:56', '1', '2017-02-11 23:26:56', '', '0'),
	('8975116f498b413ca2506193911d8ef4', '4290613eecc4463ba1449ac9ed98d6e3', '0,1,2,3,4290613eecc4463ba1449ac9ed98d6e3,', '平壕村', 30, '6', '6', '1', '2017-02-11 23:43:49', '1', '2017-02-11 23:43:49', '', '0'),
	('89b84fb0809b4eea9987abb1876a65af', 'cca1ae459ccd4c8b933e1e3e5f18b027', '0,1,2,3,cca1ae459ccd4c8b933e1e3e5f18b027,', '北赵村', 30, '13', '6', '1', '2017-02-11 23:29:15', '1', '2017-02-11 23:29:15', '', '0'),
	('89dbd7fec102484fa2e351445be97563', '9dcc969bf63845b5974bc30f8366f2ea', '0,1,2,3,9dcc969bf63845b5974bc30f8366f2ea,', '风柏峪村', 30, '7', '6', '1', '2017-02-11 23:55:24', '1', '2017-02-11 23:55:24', '', '0'),
	('89ea1ecf805c43a294453b7bf665aac1', '5', '0,1,2,3,5,', '东社村', 30, '9', '6', '1', '2017-02-11 22:22:50', '1', '2017-02-11 22:24:26', '', '0'),
	('8d4ae8f93cbd4e6987bf61807ebd6514', 'b9e4ab4dd900435495db2a7ba01848e1', '0,1,2,3,b9e4ab4dd900435495db2a7ba01848e1,', '南文学村', 30, '16', '6', '1', '2017-02-11 23:31:52', '1', '2017-02-11 23:52:48', '', '0'),
	('8e9c8a6112a441bcacc7d6d071828e17', '4290613eecc4463ba1449ac9ed98d6e3', '0,1,2,3,4290613eecc4463ba1449ac9ed98d6e3,', '四冯村', 30, '1', '6', '1', '2017-02-11 23:42:41', '1', '2017-02-11 23:42:41', '', '0'),
	('8f15526f99f0493180c36e79479caca1', 'b9e4ab4dd900435495db2a7ba01848e1', '0,1,2,3,b9e4ab4dd900435495db2a7ba01848e1,', '北闫村', 30, '17', '6', '1', '2017-02-11 23:31:12', '1', '2017-02-11 23:31:12', '', '0'),
	('8f33fe06f6c94fe59157ec1513f085af', '5', '0,1,2,3,5,', '疙瘩营村', 30, '9', '6', '1', '2017-02-11 22:22:15', '1', '2017-02-11 22:24:02', '', '0'),
	('8f377cb7827e4da886c1ff9f611a7d16', '4fb04170edb84e1c8777870f966e76e6', '0,1,2,3,4fb04170edb84e1c8777870f966e76e6,', '太古屯村', 30, '5', '6', '1', '2017-02-11 23:45:12', '1', '2017-02-11 23:45:12', '', '0'),
	('904f8c57999e4c37ba370247f61e09a9', 'b9e4ab4dd900435495db2a7ba01848e1', '0,1,2,3,b9e4ab4dd900435495db2a7ba01848e1,', '宝泉村', 30, '17', '6', '1', '2017-02-11 23:31:12', '1', '2017-02-11 23:31:12', '', '0'),
	('916d9433767b4dad91c60090e979f9b9', '6', '0,1,2,3,6,', '杜村', 30, '12', '6', '1', '2017-02-11 23:26:56', '1', '2017-02-11 23:26:56', '', '0'),
	('91fa0dfbc08c4ebc9861ab1b7bec8b63', '6', '0,1,2,3,6,', '东开张村', 30, '12', '6', '1', '2017-02-11 23:26:56', '1', '2017-02-11 23:26:56', '', '0'),
	('9213e3d7fb1a4950bbe1c3fa04489c7f', 'b9e4ab4dd900435495db2a7ba01848e1', '0,1,2,3,b9e4ab4dd900435495db2a7ba01848e1,', '鲁家村', 30, '17', '6', '1', '2017-02-11 23:31:12', '1', '2017-02-11 23:31:12', '', '0'),
	('92d912fbd0b643df91f30c0c258bd7a7', '4', '0,1,2,3,4,', '三新村', 30, '18', '5', 'b9cfb70b41c049baa62058c11be2a03b', '2017-02-06 23:30:46', 'b9cfb70b41c049baa62058c11be2a03b', '2017-02-06 23:43:51', '', '0'),
	('92e8553670764741ab4662c1aaa4247c', 'cca1ae459ccd4c8b933e1e3e5f18b027', '0,1,2,3,cca1ae459ccd4c8b933e1e3e5f18b027,', '小郭村', 30, '13', '6', '1', '2017-02-11 23:49:13', '1', '2017-02-11 23:49:13', '', '0'),
	('931999143aa048c69c5b499f90cdec37', '4429c7ae4a974332a2f5de53d975659a', '0,1,2,3,4429c7ae4a974332a2f5de53d975659a,', '东信昌村', 30, '4', '6', '1', '2017-02-11 23:57:57', '1', '2017-02-11 23:57:57', '', '0'),
	('93fb2f90595548518722b3d844d59d44', '39d7231674aa417284c9220427f0adfe', '0,1,2,3,39d7231674aa417284c9220427f0adfe,', '窑头', 30, '15', '6', '1', '2017-02-11 23:56:50', '1', '2017-02-11 23:56:50', '', '0'),
	('9616fcfa51c84b8dbc019688336bec98', 'cca1ae459ccd4c8b933e1e3e5f18b027', '0,1,2,3,cca1ae459ccd4c8b933e1e3e5f18b027,', '王西村', 30, '13', '6', '1', '2017-02-11 23:29:15', '1', '2017-02-11 23:29:15', '', '0'),
	('969f2e01c9184bfaae317ae3146af9f3', '39d7231674aa417284c9220427f0adfe', '0,1,2,3,39d7231674aa417284c9220427f0adfe,', '南社村', 30, '15', '6', '1', '2017-02-11 23:38:41', '1', '2017-02-11 23:38:41', '', '0'),
	('9775c8d593074d2ab75bad449e7e6de0', 'b9e4ab4dd900435495db2a7ba01848e1', '0,1,2,3,b9e4ab4dd900435495db2a7ba01848e1,', '韩家庄村', 30, '16', '6', '1', '2017-02-11 23:31:52', '1', '2017-02-11 23:31:52', '', '0'),
	('97a29b9389ea404eaaf469e2ac0129f9', '5', '0,1,2,3,5,', '董村支行', 30, '9', '6', '1', '2017-02-11 22:22:07', '1', '2017-02-11 22:23:55', '', '0'),
	('9893fe69e1af4276a2512276849c6479', '4290613eecc4463ba1449ac9ed98d6e3', '0,1,2,3,4290613eecc4463ba1449ac9ed98d6e3,', '南郭村', 30, '6', '6', '1', '2017-02-11 23:43:49', '1', '2017-02-11 23:43:49', '', '0'),
	('98a681c8990243599eb723590220d199', '4429c7ae4a974332a2f5de53d975659a', '0,1,2,3,4429c7ae4a974332a2f5de53d975659a,', '郭家庄村', 30, '4', '6', '1', '2017-02-11 23:39:27', '1', '2017-02-11 23:41:14', '', '0'),
	('98b3c186ca1144b68f5c0c7e4a31ae96', '4fb04170edb84e1c8777870f966e76e6', '0,1,2,3,4fb04170edb84e1c8777870f966e76e6,', '北王村', 30, '2', '6', '1', '2017-02-11 23:44:28', '1', '2017-02-11 23:44:28', '', '0'),
	('99a83d2c3e38405fbaf846addedbc3e2', '9dcc969bf63845b5974bc30f8366f2ea', '0,1,2,3,9dcc969bf63845b5974bc30f8366f2ea,', '屯里村', 30, '7', '6', '1', '2017-02-11 23:34:51', '1', '2017-02-11 23:34:51', '', '0'),
	('9a427236470646ffb94b56ac3573b57c', '4290613eecc4463ba1449ac9ed98d6e3', '0,1,2,3,4290613eecc4463ba1449ac9ed98d6e3,', '新街村', 30, '6', '6', '1', '2017-02-11 23:43:49', '1', '2017-02-11 23:43:49', '', '0'),
	('9bde4df1217e4e298c3b4aa14a3f595f', '5', '0,1,2,3,5,', '伍冢村', 30, '10', '6', '1', '2017-02-11 22:26:53', '1', '2017-02-11 22:26:53', '', '0'),
	('9c142b61cb214424b415ef92f81919b4', '4fb04170edb84e1c8777870f966e76e6', '0,1,2,3,4fb04170edb84e1c8777870f966e76e6,', '介峪口村', 30, '5', '6', '1', '2017-02-11 23:45:12', '1', '2017-02-11 23:45:12', '', '0'),
	('9cd862b7234f4593ad33f70b85da2cdb', 'cca1ae459ccd4c8b933e1e3e5f18b027', '0,1,2,3,cca1ae459ccd4c8b933e1e3e5f18b027,', '任村', 30, '13', '6', '1', '2017-02-11 23:47:45', '1', '2017-02-11 23:47:45', '', '0'),
	('9d0bd727efa74b7db009fbd3611bd0c2', '4fb04170edb84e1c8777870f966e76e6', '0,1,2,3,4fb04170edb84e1c8777870f966e76e6,', '水峪口村', 30, '2', '6', '1', '2017-02-11 23:44:28', '1', '2017-02-11 23:44:28', '', '0'),
	('9d6e08b650ad4bc2826304efd2d73273', '6', '0,1,2,3,6,', '普乐头村', 30, '12', '6', '1', '2017-02-11 23:26:56', '1', '2017-02-11 23:26:56', '', '0'),
	('9dcc969bf63845b5974bc30f8366f2ea', '3', '0,1,2,3,', '于乡镇', 30, '', '4', 'b9cfb70b41c049baa62058c11be2a03b', '2017-02-06 23:25:48', 'b9cfb70b41c049baa62058c11be2a03b', '2017-02-09 12:27:07', '', '0'),
	('9f3897e71a5545938dd6a3c63c2437f8', 'b9e4ab4dd900435495db2a7ba01848e1', '0,1,2,3,b9e4ab4dd900435495db2a7ba01848e1,', '北文学村', 30, '16', '6', '1', '2017-02-11 23:31:52', '1', '2017-02-11 23:31:52', '', '0'),
	('a30b35b9dc694dab83fd3a9f22387413', '5', '0,1,2,3,5,', '王村', 30, '9', '6', '1', '2017-02-11 22:21:26', '1', '2017-02-11 22:23:31', '', '0'),
	('a3570389447b49ea8701c297cc695311', 'b9e4ab4dd900435495db2a7ba01848e1', '0,1,2,3,b9e4ab4dd900435495db2a7ba01848e1,', '鹿峪村', 30, '17', '6', '1', '2017-02-11 23:31:12', '1', '2017-02-11 23:31:12', '', '0'),
	('a36f353b85e947579954b42511bd4cfb', '6', '0,1,2,3,6,', '韩暑村', 30, '11', '6', '1', '2017-02-11 23:25:07', '1', '2017-02-11 23:25:07', '', '0'),
	('a4720960b5af48d9903f7aefd5a788ff', 'cca1ae459ccd4c8b933e1e3e5f18b027', '0,1,2,3,cca1ae459ccd4c8b933e1e3e5f18b027,', '南赵村', 30, '13', '6', '1', '2017-02-11 23:29:15', '1', '2017-02-11 23:29:15', '', '0'),
	('a562a9c0c268423db0d4d8f4c5171b16', '4', '0,1,2,3,4,', '下寺村', 30, '18', '5', 'b9cfb70b41c049baa62058c11be2a03b', '2017-02-06 23:29:35', 'b9cfb70b41c049baa62058c11be2a03b', '2017-02-06 23:42:42', '', '1'),
	('a5a4a22be1d440bdb0cb28bae8aea5b5', '39d7231674aa417284c9220427f0adfe', '0,1,2,3,39d7231674aa417284c9220427f0adfe,', '辛营村', 30, '15', '6', '1', '2017-02-11 23:38:41', '1', '2017-02-11 23:38:41', '', '0'),
	('a629ff13a69040c3a818b60e3250eb1e', 'cca1ae459ccd4c8b933e1e3e5f18b027', '0,1,2,3,cca1ae459ccd4c8b933e1e3e5f18b027,', '韩村', 30, '13', '6', '1', '2017-02-11 23:47:45', '1', '2017-02-11 23:47:45', '', '0'),
	('a6ba9f01ad3748dfaf49fffb0a557778', '4fb04170edb84e1c8777870f966e76e6', '0,1,2,3,4fb04170edb84e1c8777870f966e76e6,', '李店村', 30, '2', '6', '1', '2017-02-11 23:44:28', '1', '2017-02-11 23:44:28', '', '0'),
	('a8069875705244f9b113a6a133d5ea35', 'e7c53987b47a454c80ca319045754695', '0,1,2,3,6,e7c53987b47a454c80ca319045754695,', '毛营村', 30, '12', '6', '1', '2017-02-11 23:51:33', '1', '2017-02-11 23:51:33', '', '0'),
	('a92c5f4249e346e89b1065345b7d6a46', 'b9e4ab4dd900435495db2a7ba01848e1', '0,1,2,3,b9e4ab4dd900435495db2a7ba01848e1,', '西闫村', 30, '17', '6', '1', '2017-02-11 23:31:12', '1', '2017-02-11 23:31:12', '', '0'),
	('a944ac8d98174f3fb836dc12b2399edc', '6', '0,1,2,3,6,', '东陈村', 30, '12', '6', '1', '2017-02-11 23:26:56', '1', '2017-02-11 23:26:56', '', '0'),
	('aa73a72593ba4345bd739edcb761395e', 'cca1ae459ccd4c8b933e1e3e5f18b027', '0,1,2,3,cca1ae459ccd4c8b933e1e3e5f18b027,', '尚信村', 30, '13', '6', '1', '2017-02-11 23:29:15', '1', '2017-02-11 23:29:15', '', '0'),
	('ad0e4ee9e6f94261977dcedd466907fc', '6', '0,1,2,3,6,', '三义村', 30, '11', '6', '1', '2017-02-11 23:25:07', '1', '2017-02-11 23:25:07', '', '0'),
	('ad7612007dc9498aba3c4c06e7a209e5', '5', '0,1,2,3,5,', '永喜庄村', 30, '10', '6', '1', '2017-02-11 22:28:40', '1', '2017-02-11 22:28:40', '', '0'),
	('ae291f62f1344a3f99818d686d5ecf99', 'b9e4ab4dd900435495db2a7ba01848e1', '0,1,2,3,b9e4ab4dd900435495db2a7ba01848e1,', '上吕芝村', 30, '16', '6', '1', '2017-02-11 23:31:52', '1', '2017-02-11 23:31:52', '', '0'),
	('afe44162f4b545388183977ebde9bed4', '4290613eecc4463ba1449ac9ed98d6e3', '0,1,2,3,4290613eecc4463ba1449ac9ed98d6e3,', '干樊村', 30, '6', '6', '1', '2017-02-11 23:43:49', '1', '2017-02-11 23:43:49', '', '0'),
	('b247d65425b14c9a93a75f0fb3952acd', 'cca1ae459ccd4c8b933e1e3e5f18b027', '0,1,2,3,cca1ae459ccd4c8b933e1e3e5f18b027,', '长宁村', 30, '14', '6', '1', '2017-02-11 23:29:58', '1', '2017-02-11 23:29:58', '', '0'),
	('b306b4c015cd4bebb805a53d5664ae10', '4fb04170edb84e1c8777870f966e76e6', '0,1,2,3,4fb04170edb84e1c8777870f966e76e6,', '太峪口村', 30, '2', '6', '1', '2017-02-11 23:44:28', '1', '2017-02-11 23:44:28', '', '0'),
	('b3bcd10513724623a4761ed253b2e7e3', '9dcc969bf63845b5974bc30f8366f2ea', '0,1,2,3,9dcc969bf63845b5974bc30f8366f2ea,', '石卫村', 30, '8', '6', '1', '2017-02-11 23:32:33', '1', '2017-02-11 23:35:31', '', '0'),
	('b771debc149e4a238bb6b9cb8a6aa5e1', '4', '0,1,2,3,4,', '盘底村', 30, '18', '5', 'b9cfb70b41c049baa62058c11be2a03b', '2017-02-06 23:31:56', 'b9cfb70b41c049baa62058c11be2a03b', '2017-02-06 23:43:00', '', '0'),
	('b7d7ea1330484b72b96333f26b626cdb', 'cca1ae459ccd4c8b933e1e3e5f18b027', '0,1,2,3,cca1ae459ccd4c8b933e1e3e5f18b027,', '鸳鸯村', 30, '13', '6', '1', '2017-02-11 23:47:45', '1', '2017-02-11 23:47:45', '', '0'),
	('b945540b2aef44b4b9e487602d613702', 'cca1ae459ccd4c8b933e1e3e5f18b027', '0,1,2,3,cca1ae459ccd4c8b933e1e3e5f18b027,', '正阳村', 30, '13', '6', '1', '2017-02-11 23:29:15', '1', '2017-02-11 23:29:15', '', '0'),
	('b94ff08e2e414650bf99d2097e6985f7', 'b9e4ab4dd900435495db2a7ba01848e1', '0,1,2,3,b9e4ab4dd900435495db2a7ba01848e1,', '下吕芝村', 30, '16', '6', '1', '2017-02-11 23:53:06', '1', '2017-02-11 23:53:06', '', '0'),
	('b9c9074be6884fcdb99cfdcc2eaa84bf', '4', '0,1,2,3,4,', '夏阳村', 30, '19', '5', 'b9cfb70b41c049baa62058c11be2a03b', '2017-02-06 23:44:53', 'b9cfb70b41c049baa62058c11be2a03b', '2017-02-06 23:44:53', '', '0'),
	('b9e4ab4dd900435495db2a7ba01848e1', '3', '0,1,2,3,', '蒲州镇', 30, '', '4', 'b9cfb70b41c049baa62058c11be2a03b', '2017-02-06 23:25:39', 'b9cfb70b41c049baa62058c11be2a03b', '2017-02-09 12:27:13', '', '0'),
	('bbbba44cfa9144aea3ad01ec6df23ee6', '5', '0,1,2,3,5,', '曾家营村', 30, '10', '6', '1', '2017-02-11 22:28:28', '1', '2017-02-11 22:28:28', '', '0'),
	('bc8e5c62a4054c489dfe70be197f4a58', '6', '0,1,2,3,6,', '土桥村', 30, '11', '6', '1', '2017-02-11 23:25:07', '1', '2017-02-11 23:25:07', '', '0'),
	('bebd7b8e376847fa8a026f0ae32397b1', '5', '0,1,2,3,5,', '关家庄村', 30, '10', '6', '1', '2017-02-11 22:29:47', '1', '2017-02-11 22:29:47', '', '0'),
	('bf18d7a0e9d042239ba9b313f727a32e', '9dcc969bf63845b5974bc30f8366f2ea', '0,1,2,3,9dcc969bf63845b5974bc30f8366f2ea,', '罗村', 30, '7', '6', '1', '2017-02-11 23:34:51', '1', '2017-02-11 23:34:51', '', '0'),
	('bf36c73e7e8a44b9811fbf4185c583b0', 'cca1ae459ccd4c8b933e1e3e5f18b027', '0,1,2,3,cca1ae459ccd4c8b933e1e3e5f18b027,', '北苏村', 30, '13', '6', '1', '2017-02-11 23:47:45', '1', '2017-02-11 23:47:45', '', '0'),
	('c0d0f647c3734f78b961b6b4ab95cd67', '5', '0,1,2,3,5,', '千户营村', 30, '10', '6', '1', '2017-02-11 22:29:01', '1', '2017-02-11 22:29:01', '', '0'),
	('c1a495d75d5e408dbc5cc83ea3fa3e5a', 'cca1ae459ccd4c8b933e1e3e5f18b027', '0,1,2,3,cca1ae459ccd4c8b933e1e3e5f18b027,', '略芝村', 30, '13', '6', '1', '2017-02-11 23:29:15', '1', '2017-02-11 23:29:15', '', '0'),
	('c23affd116ea481181542dba79064923', '4429c7ae4a974332a2f5de53d975659a', '0,1,2,3,4429c7ae4a974332a2f5de53d975659a,', '赵杏村', 30, '4', '6', '1', '2017-02-11 23:39:27', '1', '2017-02-11 23:40:45', '', '0'),
	('c4940fba6ac44ababea9af0126501e87', '9dcc969bf63845b5974bc30f8366f2ea', '0,1,2,3,9dcc969bf63845b5974bc30f8366f2ea,', '楼上村', 30, '8', '6', '1', '2017-02-11 23:32:33', '1', '2017-02-11 23:36:21', '', '0'),
	('c4b2cf0c2af6489ea82902b8fbbfaa94', '5', '0,1,2,3,5,', '桥上村', 30, '10', '6', '1', '2017-02-11 22:28:51', '1', '2017-02-11 22:28:51', '', '0'),
	('c671e37e92874be08463515444dab8d0', 'b9e4ab4dd900435495db2a7ba01848e1', '0,1,2,3,b9e4ab4dd900435495db2a7ba01848e1,', '上麻坡村', 30, '16', '6', '1', '2017-02-11 23:31:52', '1', '2017-02-11 23:31:52', '', '0'),
	('c88f692efba64c70a6d4f13967335c9f', '4290613eecc4463ba1449ac9ed98d6e3', '0,1,2,3,4290613eecc4463ba1449ac9ed98d6e3,', '王朔村', 30, '6', '6', '1', '2017-02-11 23:43:49', '1', '2017-02-11 23:43:49', '', '0'),
	('caf14929122347119842eb096fe4d3bb', '9dcc969bf63845b5974bc30f8366f2ea', '0,1,2,3,9dcc969bf63845b5974bc30f8366f2ea,', '申家营村', 30, '7', '6', '1', '2017-02-11 23:55:40', '1', '2017-02-11 23:55:40', '', '0'),
	('cc33d99deea144919bc46d7e3b3a512b', '5', '0,1,2,3,5,', '尚志村', 30, '10', '6', '1', '2017-02-11 22:26:40', '1', '2017-02-11 22:26:40', '', '0'),
	('cc3c8a7a3d0b414f89c497b3560b4d1a', '9dcc969bf63845b5974bc30f8366f2ea', '0,1,2,3,9dcc969bf63845b5974bc30f8366f2ea,', '东阳朝村', 30, '7', '6', '1', '2017-02-11 23:34:51', '1', '2017-02-11 23:34:51', '', '0'),
	('cca1ae459ccd4c8b933e1e3e5f18b027', '3', '0,1,2,3,', '栲栳镇', 30, '', '4', '1', '2017-02-11 23:28:51', '1', '2017-02-12 12:05:37', '', '0'),
	('ce36968e67d9421f83067e4b557687b0', 'cca1ae459ccd4c8b933e1e3e5f18b027', '0,1,2,3,cca1ae459ccd4c8b933e1e3e5f18b027,', '青渠屯村', 30, '14', '6', '1', '2017-02-11 23:29:58', '1', '2017-02-11 23:29:58', '', '0'),
	('cf6ec14c30114b1092bd17205e60bd2b', '9dcc969bf63845b5974bc30f8366f2ea', '0,1,2,3,9dcc969bf63845b5974bc30f8366f2ea,', '肖家堡村', 30, '7', '6', '1', '2017-02-11 23:34:51', '1', '2017-02-11 23:34:51', '', '0'),
	('cff113f729554637b650b125d5231281', '5', '0,1,2,3,5,', '西卫村', 30, '9', '6', '1', '2017-02-11 22:21:40', '1', '2017-02-11 22:23:35', '', '0'),
	('d04db30addde4087a3c5a2904014799b', '39d7231674aa417284c9220427f0adfe', '0,1,2,3,39d7231674aa417284c9220427f0adfe,', '东吕', 30, '15', '6', '1', '2017-02-11 23:56:50', '1', '2017-02-11 23:56:50', '', '0'),
	('d1af0b7fd03f46d0aa5bab2aec54903f', '9dcc969bf63845b5974bc30f8366f2ea', '0,1,2,3,9dcc969bf63845b5974bc30f8366f2ea,', '西坦朝村', 30, '7', '6', '1', '2017-02-11 23:55:24', '1', '2017-02-11 23:55:24', '', '0'),
	('d1efbbab9d584e20ac54f06f82d4786a', '4fb04170edb84e1c8777870f966e76e6', '0,1,2,3,4fb04170edb84e1c8777870f966e76e6,', '张志村', 30, '5', '6', '1', '2017-02-11 23:45:12', '1', '2017-02-11 23:45:12', '', '0'),
	('d2a2b19647b84e77baa2180d8e96ef15', 'cca1ae459ccd4c8b933e1e3e5f18b027', '0,1,2,3,cca1ae459ccd4c8b933e1e3e5f18b027,', '王东村', 30, '13', '6', '1', '2017-02-11 23:29:15', '1', '2017-02-11 23:29:15', '', '0'),
	('d4b8a9cb282a49c5b2fd98150c5dad0b', '4429c7ae4a974332a2f5de53d975659a', '0,1,2,3,4429c7ae4a974332a2f5de53d975659a,', '下麻坡村', 30, '3', '6', '1', '2017-02-11 23:42:10', '1', '2017-02-11 23:42:10', '', '0'),
	('d4e3903c9f214ebfb14449888ea7b878', '5', '0,1,2,3,5,', '白坊村', 30, '10', '6', '1', '2017-02-11 22:28:04', '1', '2017-02-11 22:28:04', '', '0'),
	('d525f463b6ca4ad4a8475dcfd6c3c382', 'cca1ae459ccd4c8b933e1e3e5f18b027', '0,1,2,3,cca1ae459ccd4c8b933e1e3e5f18b027,', '上村', 30, '14', '6', '1', '2017-02-11 23:29:58', '1', '2017-02-11 23:29:58', '', '0'),
	('d53af88f61bc40cbbdef96d5560b5b92', '4429c7ae4a974332a2f5de53d975659a', '0,1,2,3,4429c7ae4a974332a2f5de53d975659a,', '任家庄', 30, '4', '6', '1', '2017-02-11 23:39:27', '1', '2017-02-11 23:41:29', '', '0'),
	('d8c1b96e61a44d1999f96375eedf7cae', '4', '0,1,2,3,4,', '坛庄', 30, '18', '5', 'b9cfb70b41c049baa62058c11be2a03b', '2017-02-06 23:31:34', 'b9cfb70b41c049baa62058c11be2a03b', '2017-02-06 23:43:13', '', '0'),
	('d8da2343d33b4493b97f9366a94ccd3e', 'cca1ae459ccd4c8b933e1e3e5f18b027', '0,1,2,3,cca1ae459ccd4c8b933e1e3e5f18b027,', '姚村', 30, '14', '6', '1', '2017-02-11 23:29:58', '1', '2017-02-11 23:29:58', '', '0'),
	('d8ffce443dd745dd953b376f3225562e', '4429c7ae4a974332a2f5de53d975659a', '0,1,2,3,4429c7ae4a974332a2f5de53d975659a,', '赵柏村', 30, '4', '6', '1', '2017-02-11 23:39:27', '1', '2017-02-11 23:39:55', '', '0'),
	('db2d5504702f43459e6e99e0ead222ce', 'e7c53987b47a454c80ca319045754695', '0,1,2,3,6,e7c53987b47a454c80ca319045754695,', '田营村', 30, '12', '6', '1', '2017-02-11 23:51:33', '1', '2017-02-11 23:51:33', '', '0'),
	('dc7745552c404e5d8f04135c83a07e76', '4290613eecc4463ba1449ac9ed98d6e3', '0,1,2,3,4290613eecc4463ba1449ac9ed98d6e3,', '马铺头村', 30, '6', '6', '1', '2017-02-11 23:43:49', '1', '2017-02-11 23:43:49', '', '0'),
	('df8613af6b9e4a7f8b6fb7445dfde31e', 'b9e4ab4dd900435495db2a7ba01848e1', '0,1,2,3,b9e4ab4dd900435495db2a7ba01848e1,', '王庄村', 30, '17', '6', '1', '2017-02-11 23:31:12', '1', '2017-02-11 23:31:12', '', '0'),
	('e01efd3f048e4e62a4a09424fb883f2f', '5', '0,1,2,3,5,', '东安头村', 30, '10', '6', '1', '2017-02-11 22:26:05', '1', '2017-02-11 22:26:05', '', '0'),
	('e0613987e5e344fd9505c034df9459e8', '6', '0,1,2,3,6,', '高淮村', 30, '11', '6', '1', '2017-02-11 23:25:08', '1', '2017-02-11 23:25:08', '', '0'),
	('e1da3677169a4470beab85aa1cd4f8b7', '6', '0,1,2,3,6,', '西开张村', 30, '12', '6', '1', '2017-02-11 23:26:56', '1', '2017-02-11 23:26:56', '', '0'),
	('e291d548685343899c982e02a89af433', '5', '0,1,2,3,5,', '张坊村', 30, '9', '6', '1', '2017-02-11 22:22:42', '1', '2017-02-11 22:24:20', '', '0'),
	('e2ab677ee1a94ce0976af4b6ae4bfcd3', '4429c7ae4a974332a2f5de53d975659a', '0,1,2,3,4429c7ae4a974332a2f5de53d975659a,', '下高市村', 30, '4', '6', '1', '2017-02-11 23:39:27', '1', '2017-02-11 23:41:21', '', '0'),
	('e3beca9c01604f4db41de385875b835a', '6', '0,1,2,3,6,', '南营村', 30, '12', '6', '1', '2017-02-11 23:26:56', '1', '2017-02-11 23:26:56', '', '0'),
	('e45b337b52914769bad8d9226dc9541d', 'cca1ae459ccd4c8b933e1e3e5f18b027', '0,1,2,3,cca1ae459ccd4c8b933e1e3e5f18b027,', '吕车村', 30, '13', '6', '1', '2017-02-11 23:47:45', '1', '2017-02-11 23:47:45', '', '0'),
	('e68d56788e2c45e5a1b14e6ea58ad213', 'cca1ae459ccd4c8b933e1e3e5f18b027', '0,1,2,3,cca1ae459ccd4c8b933e1e3e5f18b027,', '青台村', 30, '13', '6', '1', '2017-02-11 23:49:13', '1', '2017-02-11 23:49:13', '', '0'),
	('e7c53987b47a454c80ca319045754695', '6', '0,1,2,3,6,', '石桥村', 30, '11', '6', '1', '2017-02-11 23:25:07', '1', '2017-02-11 23:25:07', '', '0'),
	('e7e2da780c5546f0bd06007ae892b638', '39d7231674aa417284c9220427f0adfe', '0,1,2,3,39d7231674aa417284c9220427f0adfe,', '永宁村', 30, '15', '6', '1', '2017-02-11 23:38:40', '1', '2017-02-11 23:38:40', '', '0'),
	('e82b133f92504aa09d6f4a14d50c9629', 'cca1ae459ccd4c8b933e1e3e5f18b027', '0,1,2,3,cca1ae459ccd4c8b933e1e3e5f18b027,', '上高市村', 30, '13', '6', '1', '2017-02-11 23:29:15', '1', '2017-02-11 23:29:15', '', '0'),
	('e8b78be3af724ef5a2ff307017aa01a1', '4', '0,1,2,3,4,', '北郑村', 30, '18', '5', 'b9cfb70b41c049baa62058c11be2a03b', '2017-02-06 23:30:16', 'b9cfb70b41c049baa62058c11be2a03b', '2017-02-06 23:44:04', '', '0'),
	('e8b7f9867168450c8b4b53cfa83c043b', '9dcc969bf63845b5974bc30f8366f2ea', '0,1,2,3,9dcc969bf63845b5974bc30f8366f2ea,', '西阳朝村', 30, '7', '6', '1', '2017-02-11 23:34:51', '1', '2017-02-11 23:34:51', '', '0'),
	('eb2b43f70bbc4cc1a56596d63bd59e1d', '4fb04170edb84e1c8777870f966e76e6', '0,1,2,3,4fb04170edb84e1c8777870f966e76e6,', '桃李村', 30, '5', '6', '1', '2017-02-11 23:45:12', '1', '2017-02-11 23:45:12', '', '0'),
	('ece596ab687a404ea0b38b0b80bf8a8e', '9dcc969bf63845b5974bc30f8366f2ea', '0,1,2,3,9dcc969bf63845b5974bc30f8366f2ea,', '仁里村', 30, '7', '6', '1', '2017-02-11 23:55:40', '1', '2017-02-11 23:55:40', '', '0'),
	('ed667eb4c2844dcc9c188d3baba7d311', '39d7231674aa417284c9220427f0adfe', '0,1,2,3,39d7231674aa417284c9220427f0adfe,', '小敬村', 30, '15', '6', '1', '2017-02-11 23:38:40', '1', '2017-02-11 23:38:40', '', '0'),
	('ed67d5c51c83466490d0aa2e3d7dc4bc', 'cca1ae459ccd4c8b933e1e3e5f18b027', '0,1,2,3,cca1ae459ccd4c8b933e1e3e5f18b027,', '东下村', 30, '14', '6', '1', '2017-02-11 23:29:58', '1', '2017-02-11 23:29:58', '', '0'),
	('ed9f95e4742f4adbba8341893b050d6d', '4fb04170edb84e1c8777870f966e76e6', '0,1,2,3,4fb04170edb84e1c8777870f966e76e6,', '太宁村', 30, '5', '6', '1', '2017-02-11 23:45:12', '1', '2017-02-11 23:45:12', '', '0'),
	('ef16548e35714ed8aa6033f66097e31e', '5', '0,1,2,3,5,', '许家营村', 30, '10', '6', '1', '2017-02-11 22:29:21', '1', '2017-02-11 22:29:21', '', '0'),
	('f02f26079b924c51b50496c6978cbbc3', 'b9e4ab4dd900435495db2a7ba01848e1', '0,1,2,3,b9e4ab4dd900435495db2a7ba01848e1,', '西厢村', 30, '', '6', 'b9cfb70b41c049baa62058c11be2a03b', '2017-02-09 12:25:31', 'b9cfb70b41c049baa62058c11be2a03b', '2017-02-09 12:26:07', '', '1'),
	('f2a65404bcca4faca6ca0e82f92434c7', '9dcc969bf63845b5974bc30f8366f2ea', '0,1,2,3,9dcc969bf63845b5974bc30f8366f2ea,', '义合屯村', 30, '7', '6', '1', '2017-02-11 23:55:40', '1', '2017-02-11 23:55:40', '', '0'),
	('f2b5642181584035b998fd338d68c88a', 'b9e4ab4dd900435495db2a7ba01848e1', '0,1,2,3,b9e4ab4dd900435495db2a7ba01848e1,', '太吕村', 30, '16', '6', '1', '2017-02-11 23:31:52', '1', '2017-02-11 23:31:52', '', '0'),
	('f3939e2dc7894a699ef3ac1cb5fd8fe3', 'cca1ae459ccd4c8b933e1e3e5f18b027', '0,1,2,3,cca1ae459ccd4c8b933e1e3e5f18b027,', '大敬村', 30, '14', '6', '1', '2017-02-11 23:29:58', '1', '2017-02-11 23:29:58', '', '0'),
	('f3f616b21209410c882fc7d324b6c6bb', 'b9e4ab4dd900435495db2a7ba01848e1', '0,1,2,3,b9e4ab4dd900435495db2a7ba01848e1,', '薛崖', 30, '17', '6', '1', '2017-02-11 23:31:12', '1', '2017-02-11 23:31:12', '', '0'),
	('f6bd823a56e64d20853f4ec646f3368e', 'b9e4ab4dd900435495db2a7ba01848e1', '0,1,2,3,b9e4ab4dd900435495db2a7ba01848e1,', '常家堡村', 30, '16', '6', '1', '2017-02-11 23:31:52', '1', '2017-02-11 23:31:52', '', '0'),
	('f7dd94516351454b895788daf7eb9961', '39d7231674aa417284c9220427f0adfe', '0,1,2,3,39d7231674aa417284c9220427f0adfe,', '小樊', 30, '15', '6', '1', '2017-02-11 23:57:03', '1', '2017-02-11 23:57:03', '', '0'),
	('f8cc282e4c8242a7b585b269400689b8', '4fb04170edb84e1c8777870f966e76e6', '0,1,2,3,4fb04170edb84e1c8777870f966e76e6,', '吕坂村', 30, '5', '6', '1', '2017-02-11 23:45:12', '1', '2017-02-11 23:45:12', '', '0'),
	('f92cc3254bf141fb9386f8dda08a499e', '5', '0,1,2,3,5,', '羊皮庄村', 30, '10', '6', '1', '2017-02-11 22:27:54', '1', '2017-02-11 22:27:54', '', '0'),
	('fbaf768570e44a19956c552e9a274623', '4290613eecc4463ba1449ac9ed98d6e3', '0,1,2,3,4290613eecc4463ba1449ac9ed98d6e3,', '赵坊村', 30, '6', '6', '1', '2017-02-11 23:43:49', '1', '2017-02-11 23:43:49', '', '0'),
	('fd788ea7b2c64bc487e5b878e78bdcad', 'b9e4ab4dd900435495db2a7ba01848e1', '0,1,2,3,b9e4ab4dd900435495db2a7ba01848e1,', '张留庄', 30, '17', '6', '1', '2017-02-11 23:31:12', '1', '2017-02-11 23:31:12', '', '0'),
	('fe7e43fc0476444c909c64ce884168e5', '4290613eecc4463ba1449ac9ed98d6e3', '0,1,2,3,4290613eecc4463ba1449ac9ed98d6e3,', '吴村', 30, '6', '6', '1', '2017-02-11 23:43:49', '1', '2017-02-11 23:43:49', '', '0'),
	('fec99a352c1140b6a884f6c3569bd83e', 'cca1ae459ccd4c8b933e1e3e5f18b027', '0,1,2,3,cca1ae459ccd4c8b933e1e3e5f18b027,', '卫村', 30, '13', '6', '1', '2017-02-11 23:47:45', '1', '2017-02-11 23:47:45', '', '0'),
	('ff3de9f7efb84089a652227c8b142947', '39d7231674aa417284c9220427f0adfe', '0,1,2,3,39d7231674aa417284c9220427f0adfe,', '冯营', 30, '15', '6', '1', '2017-02-11 23:56:50', '1', '2017-02-11 23:56:50', '', '0');
/*!40000 ALTER TABLE `sys_area` ENABLE KEYS */;

-- 导出  表 west-studio.sys_dict 结构
CREATE TABLE IF NOT EXISTS `sys_dict` (
  `id` varchar(64) NOT NULL COMMENT '编号',
  `value` varchar(100) NOT NULL COMMENT '数据值',
  `label` varchar(100) NOT NULL COMMENT '标签名',
  `type` varchar(100) NOT NULL COMMENT '类型',
  `description` varchar(100) NOT NULL COMMENT '描述',
  `sort` decimal(10,0) NOT NULL COMMENT '排序（升序）',
  `parent_id` varchar(64) DEFAULT '0' COMMENT '父级编号',
  `create_by` varchar(64) NOT NULL COMMENT '创建者',
  `create_date` datetime NOT NULL COMMENT '创建时间',
  `update_by` varchar(64) NOT NULL COMMENT '更新者',
  `update_date` datetime NOT NULL COMMENT '更新时间',
  `remarks` varchar(255) DEFAULT NULL COMMENT '备注信息',
  `del_flag` char(1) NOT NULL DEFAULT '0' COMMENT '删除标记',
  PRIMARY KEY (`id`),
  KEY `sys_dict_value` (`value`),
  KEY `sys_dict_label` (`label`),
  KEY `sys_dict_del_flag` (`del_flag`)
) ENGINE=InnoDB DEFAULT CHARSET=utf8 COMMENT='字典表';

-- 正在导出表  west-studio.sys_dict 的数据：~198 rows (大约)
/*!40000 ALTER TABLE `sys_dict` DISABLE KEYS */;
INSERT INTO `sys_dict` (`id`, `value`, `label`, `type`, `description`, `sort`, `parent_id`, `create_by`, `create_date`, `update_by`, `update_date`, `remarks`, `del_flag`) VALUES
	('01a77a79405046f5a50052b943a5284e', '3', '小产权房', 'HAVE_HOUSE', '自建房小产权房', 30, '0', '1', '2017-01-08 19:00:57', '1', '2017-01-08 19:00:57', '', '0'),
	('081b3e76095348cba2e58d1846902b0f', '3', '树形结构', 'DEV_TEMPLATE_PATTERN', '模型类型', 30, '0', '1', '2016-04-18 20:36:11', '1', '2016-04-18 20:36:11', '树形结构', '0'),
	('0d20f986c0174825aa338af815ee1442', '0', '待处理', 'LOAN_STATUS', '等待处理', 10, '0', '1', '2017-01-08 17:41:49', '1', '2017-01-08 17:41:49', '', '0'),
	('1', '0', '正常', 'del_flag', '删除标记', 10, '0', '1', '2013-05-27 08:00:00', '1', '2013-05-27 08:00:00', NULL, '0'),
	('10', 'yellow', '黄色', 'color', '颜色值', 40, '0', '1', '2013-05-27 08:00:00', '1', '2013-05-27 08:00:00', NULL, '0'),
	('100', 'java.util.Date', 'Date', 'gen_java_type', 'Java类型\0\0', 50, '0', '1', '2013-10-28 08:00:00', '1', '2013-10-28 08:00:00', NULL, '1'),
	('101', 'com.thinkgem.jeesite.modules.sys.entity.User', 'User', 'gen_java_type', 'Java类型\0\0', 60, '0', '1', '2013-10-28 08:00:00', '1', '2013-10-28 08:00:00', NULL, '1'),
	('102', 'com.thinkgem.jeesite.modules.sys.entity.Office', 'Office', 'gen_java_type', 'Java类型\0\0', 70, '0', '1', '2013-10-28 08:00:00', '1', '2013-10-28 08:00:00', NULL, '1'),
	('103', 'com.thinkgem.jeesite.modules.sys.entity.Area', 'Area', 'gen_java_type', 'Java类型\0\0', 80, '0', '1', '2013-10-28 08:00:00', '1', '2013-10-28 08:00:00', NULL, '1'),
	('104', 'Custom', 'Custom', 'gen_java_type', 'Java类型\0\0', 90, '0', '1', '2013-10-28 08:00:00', '1', '2013-10-28 08:00:00', NULL, '1'),
	('105', '1', '会议通告\0\0\0\0', 'oa_notify_type', '通知通告类型', 10, '0', '1', '2013-11-08 08:00:00', '1', '2013-11-08 08:00:00', NULL, '0'),
	('106', '2', '奖惩通告\0\0\0\0', 'oa_notify_type', '通知通告类型', 20, '0', '1', '2013-11-08 08:00:00', '1', '2013-11-08 08:00:00', NULL, '0'),
	('107', '3', '活动通告\0\0\0\0', 'oa_notify_type', '通知通告类型', 30, '0', '1', '2013-11-08 08:00:00', '1', '2013-11-08 08:00:00', NULL, '0'),
	('108', '0', '草稿', 'oa_notify_status', '通知通告状态', 10, '0', '1', '2013-11-08 08:00:00', '1', '2013-11-08 08:00:00', NULL, '0'),
	('109', '1', '发布', 'oa_notify_status', '通知通告状态', 20, '0', '1', '2013-11-08 08:00:00', '1', '2013-11-08 08:00:00', NULL, '0'),
	('11', 'orange', '橙色', 'color', '颜色值', 50, '0', '1', '2013-05-27 08:00:00', '1', '2013-05-27 08:00:00', NULL, '0'),
	('110', '0', '未读', 'oa_notify_read', '通知通告状态', 10, '0', '1', '2013-11-08 08:00:00', '1', '2013-11-08 08:00:00', NULL, '0'),
	('111', '1', '已读', 'oa_notify_read', '通知通告状态', 20, '0', '1', '2013-11-08 08:00:00', '1', '2013-11-08 08:00:00', NULL, '0'),
	('11f89e236b8f472fbd41b15d47286603', '#', '便民服务', 'QUAN_GUIDE', '/images/ico_home_6.png', 7, '0', 'b9cfb70b41c049baa62058c11be2a03b', '2017-02-26 18:18:13', 'b9cfb70b41c049baa62058c11be2a03b', '2017-02-26 18:18:13', '', '0'),
	('12', 'default', '默认主题', 'theme', '主题方案', 10, '0', '1', '2013-05-27 08:00:00', '1', '2013-05-27 08:00:00', NULL, '0'),
	('13', 'cerulean', '天蓝主题', 'theme', '主题方案', 20, '0', '1', '2013-05-27 08:00:00', '1', '2013-05-27 08:00:00', NULL, '0'),
	('14', 'readable', '橙色主题', 'theme', '主题方案', 30, '0', '1', '2013-05-27 08:00:00', '1', '2013-05-27 08:00:00', NULL, '0'),
	('15', 'united', '红色主题', 'theme', '主题方案', 40, '0', '1', '2013-05-27 08:00:00', '1', '2013-05-27 08:00:00', NULL, '0'),
	('1529049a5a4b47f391878d53a0882873', '2', '农户', 'WORK_TYPE', '农户', 20, '0', '1', '2017-01-08 18:53:51', '1', '2017-01-08 18:53:51', '', '0'),
	('15898cd023434e4e94d87d409c248b79', '#', '微信团购', 'QUAN_GUIDE', '/images/ico_home_1.png', 1, '0', 'b9cfb70b41c049baa62058c11be2a03b', '2017-02-26 16:15:05', 'b9cfb70b41c049baa62058c11be2a03b', '2017-02-26 16:17:31', '微信团购', '0'),
	('159e16290a0a497192d73b6b243f6791', '1', '类型1', 'DEV_CRM_TYPE', '客户类型', 10, '0', '1', '2016-04-20 06:26:26', '1', '2016-04-20 06:28:17', '', '0'),
	('15bcb8070f674b918f1a6caf064e6105', '1', '无职业', 'WORK_TYPE', '无职业', 10, '0', '1', '2017-01-08 18:53:40', '1', '2017-01-08 18:53:40', '', '0'),
	('16', 'flat', 'Flat主题', 'theme', '主题方案', 60, '0', '1', '2013-05-27 08:00:00', '1', '2013-05-27 08:00:00', NULL, '0'),
	('166bf122765a49d68aaf1557e7f85579', '2', '一对多', 'DEV_TEMPLATE_PATTERN', '模型类型', 20, '0', '1', '2016-04-18 20:35:58', '1', '2016-04-18 20:35:58', '一对多模型', '0'),
	('17', '1', '国家', 'sys_area_type', '区域类型', 10, '0', '1', '2013-05-27 08:00:00', '1', '2013-05-27 08:00:00', NULL, '0'),
	('18', '2', '省份、直辖市', 'sys_area_type', '区域类型', 20, '0', '1', '2013-05-27 08:00:00', '1', '2013-05-27 08:00:00', NULL, '0'),
	('19', '3', '地市', 'sys_area_type', '区域类型', 30, '0', '1', '2013-05-27 08:00:00', '1', '2013-05-27 08:00:00', NULL, '0'),
	('1e9c25dd55c94313a187ce16fffdab39', '10', '卿头支行', 'SHOP_ID', 'yjqtxys@163.com', 100, '0', '1', '2017-01-08 18:01:44', '1', '2017-02-05 23:20:54', '', '0'),
	('1f5c5837b5f24291aa318df6d4a882d5', '2', '页面', 'DEV_TEMPLATE_TYPE', '代码类型', 20, '0', '1', '2016-04-18 20:38:16', '1', '2016-04-18 20:38:16', '', '0'),
	('1fe25718af2040a7a444916ca12da8d0', '4', '8000元-10000元', 'SALARY_TYPE', '8000元-10000元', 40, '0', '1', '2017-01-08 18:56:11', '1', '2017-01-08 18:56:11', '', '0'),
	('2', '1', '删除', 'del_flag', '删除标记', 20, '0', '1', '2013-05-27 08:00:00', '1', '2013-05-27 08:00:00', NULL, '0'),
	('20', '4', '区县', 'sys_area_type', '区域类型', 40, '0', '1', '2013-05-27 08:00:00', '1', '2013-05-27 08:00:00', NULL, '0'),
	('21', '1', '公司', 'sys_office_type', '机构类型', 60, '0', '1', '2013-05-27 08:00:00', '1', '2013-05-27 08:00:00', NULL, '0'),
	('21a56c04a3a247dc855f24f9a26c9327', '0', '无效', 'IS_VALID', '无效', 10, '0', '1', '2017-01-08 17:57:28', '1', '2017-01-08 17:57:28', '', '0'),
	('22', '2', '部门', 'sys_office_type', '机构类型', 70, '0', '1', '2013-05-27 08:00:00', '1', '2013-05-27 08:00:00', NULL, '0'),
	('2276e0a48ecc4bfea8a065ddc3032844', '6', '村', 'sys_area_type', '村', 70, '0', 'b9cfb70b41c049baa62058c11be2a03b', '2017-02-06 23:36:35', 'b9cfb70b41c049baa62058c11be2a03b', '2017-02-06 23:36:47', '', '0'),
	('23', '3', '小组', 'sys_office_type', '机构类型', 80, '0', '1', '2013-05-27 08:00:00', '1', '2013-05-27 08:00:00', NULL, '0'),
	('24', '4', '其它', 'sys_office_type', '机构类型', 90, '0', '1', '2013-05-27 08:00:00', '1', '2013-05-27 08:00:00', NULL, '0'),
	('24f7963e624442d088b07bf748adcbcd', '16', '文学支行', 'SHOP_ID', 'yjwxxys@163.com', 160, '0', '1', '2017-01-08 18:02:54', '1', '2017-02-05 23:22:08', '', '0'),
	('25', '1', '综合部', 'sys_office_common', '快捷通用部门', 30, '0', '1', '2013-05-27 08:00:00', '1', '2013-05-27 08:00:00', NULL, '0'),
	('26', '2', '开发部', 'sys_office_common', '快捷通用部门', 40, '0', '1', '2013-05-27 08:00:00', '1', '2013-05-27 08:00:00', NULL, '0'),
	('26249fd209124dff8ea9169cd5a2f3d7', '3', '20-30万', 'HOUSE_PRICE', '20-30万', 30, '0', '1', '2017-01-08 19:04:10', '1', '2017-01-08 19:04:10', '', '0'),
	('27', '3', '人力部', 'sys_office_common', '快捷通用部门', 50, '0', '1', '2013-05-27 08:00:00', '1', '2013-05-27 08:00:00', NULL, '0'),
	('28', '1', '一级', 'sys_office_grade', '机构等级', 10, '0', '1', '2013-05-27 08:00:00', '1', '2013-05-27 08:00:00', NULL, '0'),
	('2897a767ff8741289c1ddae7cdb306ba', '1', '处理结束', 'LOAN_STATUS', '处理结束', 20, '0', '1', '2017-01-08 17:42:22', '1', '2017-01-08 17:42:22', '', '0'),
	('29', '2', '二级', 'sys_office_grade', '机构等级', 20, '0', '1', '2013-05-27 08:00:00', '1', '2013-05-27 08:00:00', NULL, '0'),
	('2dd6cddb1f6540ed936612da432d14ae', '2', '自建房', 'HAVE_HOUSE', '自建房', 20, '0', '1', '2017-01-08 19:00:48', '1', '2017-01-08 19:00:48', '', '0'),
	('3', '1', '显示', 'show_hide', '显示/隐藏', 10, '0', '1', '2013-05-27 08:00:00', '1', '2013-05-27 08:00:00', NULL, '0'),
	('30', '3', '三级', 'sys_office_grade', '机构等级', 30, '0', '1', '2013-05-27 08:00:00', '1', '2013-05-27 08:00:00', NULL, '0'),
	('302dd51a96f546c5ba868d06c49ed797', '4', '丽人专区', 'QUAN_CATEGORY', 'data', 40, '0', '1', '2017-02-26 18:58:00', '1', '2017-02-26 18:58:00', '', '0'),
	('31', '4', '四级', 'sys_office_grade', '机构等级', 40, '0', '1', '2013-05-27 08:00:00', '1', '2013-05-27 08:00:00', NULL, '0'),
	('32', '1', '所有数据', 'sys_data_scope', '数据范围', 10, '0', '1', '2013-05-27 08:00:00', '1', '2013-05-27 08:00:00', NULL, '0'),
	('33', '2', '所在公司及以下数据', 'sys_data_scope', '数据范围', 20, '0', '1', '2013-05-27 08:00:00', '1', '2013-05-27 08:00:00', NULL, '0'),
	('3339b3fe53154b229309477d098b3711', '5', '游戏娱乐', 'QUAN_CATEGORY', 'data', 50, '0', '1', '2017-02-26 18:58:10', '1', '2017-02-26 18:58:10', '', '0'),
	('34', '3', '所在公司数据', 'sys_data_scope', '数据范围', 30, '0', '1', '2013-05-27 08:00:00', '1', '2013-05-27 08:00:00', NULL, '0'),
	('35', '4', '所在部门及以下数据', 'sys_data_scope', '数据范围', 40, '0', '1', '2013-05-27 08:00:00', '1', '2013-05-27 08:00:00', NULL, '0'),
	('36', '5', '所在部门数据', 'sys_data_scope', '数据范围', 50, '0', '1', '2013-05-27 08:00:00', '1', '2013-05-27 08:00:00', NULL, '0'),
	('37', '8', '仅本人数据', 'sys_data_scope', '数据范围', 90, '0', '1', '2013-05-27 08:00:00', '1', '2013-05-27 08:00:00', NULL, '0'),
	('38', '9', '按明细设置', 'sys_data_scope', '数据范围', 100, '0', '1', '2013-05-27 08:00:00', '1', '2013-05-27 08:00:00', NULL, '0'),
	('39', '1', '系统管理', 'sys_user_type', '用户类型', 10, '0', '1', '2013-05-27 08:00:00', '1', '2013-05-27 08:00:00', NULL, '0'),
	('3d7493baccc54a43b169689b9aee140e', '9', '董村支行', 'SHOP_ID', 'yjdcxys@163.com', 90, '0', '1', '2017-01-08 18:01:34', '1', '2017-02-05 23:20:43', '', '0'),
	('3e64d64577eb425c9ea59706f2fb9918', '#', '玩乐优惠', 'QUAN_GUIDE', '/images/ico_home_6.png', 6, '0', 'b9cfb70b41c049baa62058c11be2a03b', '2017-02-26 18:17:58', 'b9cfb70b41c049baa62058c11be2a03b', '2017-02-26 18:17:58', '', '0'),
	('3fce2e5bbc9e4741ba1f5f29f8ada3a2', '3', '5000元-8000元', 'SALARY_TYPE', '5000元-8000元', 30, '0', '1', '2017-01-08 18:56:03', '1', '2017-01-08 18:56:03', '', '0'),
	('4', '0', '隐藏', 'show_hide', '显示/隐藏', 20, '0', '1', '2013-05-27 08:00:00', '1', '2013-05-27 08:00:00', NULL, '0'),
	('40', '2', '部门经理', 'sys_user_type', '用户类型', 20, '0', '1', '2013-05-27 08:00:00', '1', '2013-05-27 08:00:00', NULL, '0'),
	('41', '3', '普通用户', 'sys_user_type', '用户类型', 30, '0', '1', '2013-05-27 08:00:00', '1', '2013-05-27 08:00:00', NULL, '0'),
	('42', 'basic', '基础主题', 'cms_theme', '站点主题', 10, '0', '1', '2013-05-27 08:00:00', '1', '2013-05-27 08:00:00', NULL, '0'),
	('43', 'blue', '蓝色主题', 'cms_theme', '站点主题', 20, '0', '1', '2013-05-27 08:00:00', '1', '2013-05-27 08:00:00', NULL, '1'),
	('44', 'red', '红色主题', 'cms_theme', '站点主题', 30, '0', '1', '2013-05-27 08:00:00', '1', '2013-05-27 08:00:00', NULL, '1'),
	('45', 'article', '文章模型', 'cms_module', '栏目模型', 10, '0', '1', '2013-05-27 08:00:00', '1', '2013-05-27 08:00:00', NULL, '0'),
	('46', 'picture', '图片模型', 'cms_module', '栏目模型', 20, '0', '1', '2013-05-27 08:00:00', '1', '2013-05-27 08:00:00', NULL, '1'),
	('46aefa14221c4af8a43a8ca8cdeeb82d', '19', '首阳支行', 'SHOP_ID', 'yjsyxys@163.com', 190, '0', '1', '2017-01-08 18:03:27', '1', '2017-02-05 23:22:45', '', '0'),
	('47', 'download', '下载模型', 'cms_module', '栏目模型', 30, '0', '1', '2013-05-27 08:00:00', '1', '2013-05-27 08:00:00', NULL, '1'),
	('47960042c35443ee9ce4731c947815fb', '3', '城北支行', 'SHOP_ID', 'yjcbxys1@163.com', 30, '0', '1', '2017-01-08 18:00:24', '1', '2017-02-05 23:18:17', '', '0'),
	('48', 'link', '链接模型', 'cms_module', '栏目模型', 40, '0', '1', '2013-05-27 08:00:00', '1', '2013-05-27 08:00:00', NULL, '0'),
	('49', 'special', '专题模型', 'cms_module', '栏目模型', 50, '0', '1', '2013-05-27 08:00:00', '1', '2013-05-27 08:00:00', NULL, '1'),
	('4ec8f6d41f6e493bb316caf76e3f8181', '1', 'MYSQL', 'DEV_SYSTEM_DBTYPE', '数据库类型', 10, '0', '1', '2016-04-19 06:59:14', '1', '2016-04-19 06:59:14', '', '0'),
	('5', '1', '是', 'yes_no', '是/否', 10, '0', '1', '2013-05-27 08:00:00', '1', '2013-05-27 08:00:00', NULL, '0'),
	('50', '0', '默认展现方式', 'cms_show_modes', '展现方式', 10, '0', '1', '2013-05-27 08:00:00', '1', '2013-05-27 08:00:00', NULL, '0'),
	('5057af7b49244307a1ec0cc500d56438', '1', '未审核', 'DEV_CRM_STATUS', '状态', 10, '0', '1', '2016-04-20 06:27:45', '1', '2016-04-20 06:27:45', '', '0'),
	('51', '1', '首栏目内容列表', 'cms_show_modes', '展现方式', 20, '0', '1', '2013-05-27 08:00:00', '1', '2013-05-27 08:00:00', NULL, '0'),
	('52', '2', '栏目第一条内容', 'cms_show_modes', '展现方式', 30, '0', '1', '2013-05-27 08:00:00', '1', '2013-05-27 08:00:00', NULL, '0'),
	('53', '0', '发布', 'cms_del_flag', '内容状态', 10, '0', '1', '2013-05-27 08:00:00', '1', '2013-05-27 08:00:00', NULL, '0'),
	('5325fc393c7042d3a57b45a4fa08e5d5', '15', '张营支行', 'SHOP_ID', 'yjzyxys@163.com', 150, '0', '1', '2017-01-08 18:02:41', '1', '2017-02-05 23:21:58', '', '0'),
	('535665aa132d4c92ac579ca027dd4815', '13', '栲栳支行', 'SHOP_ID', 'yjklxys@163.com', 130, '0', '1', '2017-01-08 18:02:19', '1', '2017-02-05 23:21:39', '', '0'),
	('54', '1', '删除', 'cms_del_flag', '内容状态', 20, '0', '1', '2013-05-27 08:00:00', '1', '2013-05-27 08:00:00', NULL, '0'),
	('55', '2', '审核', 'cms_del_flag', '内容状态', 15, '0', '1', '2013-05-27 08:00:00', '1', '2013-05-27 08:00:00', NULL, '0'),
	('558d5576f25a473daf4fee0d5a577511', '5', '乡镇', 'sys_area_type', '乡镇', 50, '0', 'b9cfb70b41c049baa62058c11be2a03b', '2017-02-06 23:28:34', 'b9cfb70b41c049baa62058c11be2a03b', '2017-02-06 23:28:34', '', '0'),
	('56', '1', '首页焦点图', 'cms_posid', '推荐位', 10, '0', '1', '2013-05-27 08:00:00', '1', '2013-05-27 08:00:00', NULL, '0'),
	('57', '2', '栏目页文章推荐', 'cms_posid', '推荐位', 20, '0', '1', '2013-05-27 08:00:00', '1', '2013-05-27 08:00:00', NULL, '0'),
	('58', '1', '咨询', 'cms_guestbook', '留言板分类', 10, '0', '1', '2013-05-27 08:00:00', '1', '2013-05-27 08:00:00', NULL, '0'),
	('59', '2', '建议', 'cms_guestbook', '留言板分类', 20, '0', '1', '2013-05-27 08:00:00', '1', '2013-05-27 08:00:00', NULL, '0'),
	('5b3f03161e774561a8bc160851ea2ec0', '8', '清华支行', 'SHOP_ID', 'yjqhxys1@163.com', 80, '0', '1', '2017-01-08 18:01:19', '1', '2017-02-05 23:20:28', '', '0'),
	('6', '0', '否', 'yes_no', '是/否', 20, '0', '1', '2013-05-27 08:00:00', '1', '2013-05-27 08:00:00', NULL, '0'),
	('60', '3', '投诉', 'cms_guestbook', '留言板分类', 30, '0', '1', '2013-05-27 08:00:00', '1', '2013-05-27 08:00:00', NULL, '0'),
	('61', '4', '其它', 'cms_guestbook', '留言板分类', 40, '0', '1', '2013-05-27 08:00:00', '1', '2013-05-27 08:00:00', NULL, '0'),
	('62', '1', '公休', 'oa_leave_type', '请假类型', 10, '0', '1', '2013-05-27 08:00:00', '1', '2013-05-27 08:00:00', NULL, '0'),
	('63', '2', '病假', 'oa_leave_type', '请假类型', 20, '0', '1', '2013-05-27 08:00:00', '1', '2013-05-27 08:00:00', NULL, '0'),
	('64', '3', '事假', 'oa_leave_type', '请假类型', 30, '0', '1', '2013-05-27 08:00:00', '1', '2013-05-27 08:00:00', NULL, '0'),
	('65', '4', '调休', 'oa_leave_type', '请假类型', 40, '0', '1', '2013-05-27 08:00:00', '1', '2013-05-27 08:00:00', NULL, '0'),
	('66', '5', '婚假', 'oa_leave_type', '请假类型', 60, '0', '1', '2013-05-27 08:00:00', '1', '2013-05-27 08:00:00', NULL, '0'),
	('66d5d0750df547ec9a2d21192b238d2a', '1', '单表', 'DEV_TEMPLATE_PATTERN', '模型类型', 10, '0', '1', '2016-04-18 20:35:43', '1', '2016-04-18 20:35:43', '单表模型', '0'),
	('67', '1', '接入日志', 'sys_log_type', '日志类型', 30, '0', '1', '2013-06-03 08:00:00', '1', '2013-06-03 08:00:00', NULL, '0'),
	('68', '2', '异常日志', 'sys_log_type', '日志类型', 40, '0', '1', '2013-06-03 08:00:00', '1', '2013-06-03 08:00:00', NULL, '0'),
	('69', 'leave', '请假流程', 'act_type', '流程类型', 10, '0', '1', '2013-06-03 08:00:00', '1', '2013-06-03 08:00:00', NULL, '0'),
	('6957d14e204a46f3bdee29f388fe7875', '1', '5-10万', 'HOUSE_PRICE', '5-10万', 10, '0', '1', '2017-01-08 19:03:50', '1', '2017-01-08 19:03:50', '', '0'),
	('6a0a2c9ce23b4ed19843b34b85c3f4b3', '#', '在线订餐', 'QUAN_GUIDE', '/images/ico_home_1.png', 2, '0', 'b9cfb70b41c049baa62058c11be2a03b', '2017-02-26 16:15:36', 'b9cfb70b41c049baa62058c11be2a03b', '2017-02-26 16:17:35', '', '0'),
	('6f21873450b44f6181d8b94fb60a8de5', '2', '3000元-5000元', 'SALARY_TYPE', '3000元-5000元', 20, '0', '1', '2017-01-08 18:55:54', '1', '2017-01-08 18:55:54', '', '0'),
	('6ff9d4965c984db8b6eb11f03190e5c1', '12', '开张支行', 'SHOP_ID', 'yjkzxys1@163.com', 120, '0', '1', '2017-01-08 18:02:10', '1', '2017-02-05 23:21:21', '', '0'),
	('7', 'red', '红色', 'color', '颜色值', 10, '0', '1', '2013-05-27 08:00:00', '1', '2013-05-27 08:00:00', NULL, '0'),
	('70', 'test_audit', '审批测试流程', 'act_type', '流程类型', 20, '0', '1', '2013-06-03 08:00:00', '1', '2013-06-03 08:00:00', NULL, '0'),
	('71', '1', '财务', 'act_category', '流程分类', 10, '0', '1', '2013-06-03 08:00:00', '1', '2016-04-10 00:10:44', '', '0'),
	('72', '2', '行政', 'act_category', '流程分类', 20, '0', '1', '2013-06-03 08:00:00', '1', '2016-04-10 00:10:51', '', '0'),
	('73', 'crud', '增删改查', 'gen_category', '代码生成分类', 10, '0', '1', '2013-10-28 08:00:00', '1', '2013-10-28 08:00:00', NULL, '1'),
	('74', 'crud_many', '增删改查（包含从表）', 'gen_category', '代码生成分类', 20, '0', '1', '2013-10-28 08:00:00', '1', '2013-10-28 08:00:00', NULL, '1'),
	('7439d80c4e3f4b0fbc616c74ea0f4bc8', '11', '黄营支行', 'SHOP_ID', 'yjhyxys1@163.com', 110, '0', '1', '2017-01-08 18:02:01', '1', '2017-02-05 23:21:08', '', '0'),
	('75', 'tree', '树结构', 'gen_category', '代码生成分类', 30, '0', '1', '2013-10-28 08:00:00', '1', '2013-10-28 08:00:00', NULL, '1'),
	('76', '=', '=', 'gen_query_type', '查询方式', 10, '0', '1', '2013-10-28 08:00:00', '1', '2013-10-28 08:00:00', NULL, '1'),
	('77', '!=', '!=', 'gen_query_type', '查询方式', 20, '0', '1', '2013-10-28 08:00:00', '1', '2013-10-28 08:00:00', NULL, '1'),
	('78', '&gt;', '&gt;', 'gen_query_type', '查询方式', 30, '0', '1', '2013-10-28 08:00:00', '1', '2013-10-28 08:00:00', NULL, '1'),
	('79', '&lt;', '&lt;', 'gen_query_type', '查询方式', 40, '0', '1', '2013-10-28 08:00:00', '1', '2013-10-28 08:00:00', NULL, '1'),
	('8', 'green', '绿色', 'color', '颜色值', 20, '0', '1', '2013-05-27 08:00:00', '1', '2013-05-27 08:00:00', NULL, '0'),
	('80', 'between', 'Between', 'gen_query_type', '查询方式', 50, '0', '1', '2013-10-28 08:00:00', '1', '2013-10-28 08:00:00', NULL, '1'),
	('81', 'like', 'Like', 'gen_query_type', '查询方式', 60, '0', '1', '2013-10-28 08:00:00', '1', '2013-10-28 08:00:00', NULL, '1'),
	('82', 'left_like', 'Left Like', 'gen_query_type', '查询方式', 70, '0', '1', '2013-10-28 08:00:00', '1', '2013-10-28 08:00:00', NULL, '1'),
	('83', 'right_like', 'Right Like', 'gen_query_type', '查询方式', 80, '0', '1', '2013-10-28 08:00:00', '1', '2013-10-28 08:00:00', NULL, '1'),
	('84', 'input', '文本框', 'gen_show_type', '字段生成方案', 10, '0', '1', '2013-10-28 08:00:00', '1', '2013-10-28 08:00:00', NULL, '1'),
	('85', 'textarea', '文本域', 'gen_show_type', '字段生成方案', 20, '0', '1', '2013-10-28 08:00:00', '1', '2013-10-28 08:00:00', NULL, '1'),
	('8574d7bbbc9f46c6a80a1635c6d84c52', '18', '韩阳支行', 'SHOP_ID', 'yjhyxys2@163.com', 180, '0', '1', '2017-01-08 18:03:17', '1', '2017-02-05 23:22:33', '', '0'),
	('86', 'select', '下拉框', 'gen_show_type', '字段生成方案', 30, '0', '1', '2013-10-28 08:00:00', '1', '2013-10-28 08:00:00', NULL, '1'),
	('867647ca999a41c4a595eb770119b895', '#', '微城社区', 'QUAN_GUIDE', '/images/ico_home_3.png', 3, '0', 'b9cfb70b41c049baa62058c11be2a03b', '2017-02-26 18:16:51', 'b9cfb70b41c049baa62058c11be2a03b', '2017-02-26 18:17:07', '', '0'),
	('87', 'checkbox', '复选框', 'gen_show_type', '字段生成方案', 40, '0', '1', '2013-10-28 08:00:00', '1', '2013-10-28 08:00:00', NULL, '1'),
	('873a7f8328894dd2bc633c8a10e5af0a', '/images/pic.jpg', 'image2', 'QUAN_LUNBO', '#', 20, '0', 'b9cfb70b41c049baa62058c11be2a03b', '2017-02-26 16:11:25', 'b9cfb70b41c049baa62058c11be2a03b', '2017-02-26 16:11:25', '', '0'),
	('87406db62252447089bfbeaa9fa9f098', '3', 'Java Script', 'DEV_TEMPLATE_TYPE', '代码类型', 30, '0', '1', '2016-04-18 20:38:30', '1', '2016-04-18 20:38:30', '', '0'),
	('88', 'radiobox', '单选框', 'gen_show_type', '字段生成方案', 50, '0', '1', '2013-10-28 08:00:00', '1', '2013-10-28 08:00:00', NULL, '1'),
	('88615bcf9e4f4a6db7bc4f31bdeadd70', '1', '无房', 'HAVE_HOUSE', '无房', 10, '0', '1', '2017-01-08 19:00:39', '1', '2017-01-08 19:00:39', '', '0'),
	('88809e775a564250b54feac4c016eb38', '4', '30-50万', 'HOUSE_PRICE', '30-50万', 40, '0', '1', '2017-01-08 19:04:22', '1', '2017-01-08 19:04:22', '', '0'),
	('89', 'dateselect', '日期选择', 'gen_show_type', '字段生成方案', 60, '0', '1', '2013-10-28 08:00:00', '1', '2013-10-28 08:00:00', NULL, '1'),
	('89ac3b80566044b08809626823dabbe2', '21', '营业部​', 'SHOP_ID', 'yjslsyyb@163.com', 210, '0', '1', '2017-01-08 18:03:46', '1', '2017-02-05 23:23:20', '', '0'),
	('8e1ded0b8e3643349a8acf96fcd307c5', '2', 'ORACLE', 'DEV_SYSTEM_DBTYPE', '数据库类型', 20, '0', '1', '2016-04-19 06:59:23', '1', '2016-04-19 06:59:23', '', '0'),
	('8e7d8c74b4c14a28ad86862545368dbb', '3', '吃货优惠', 'QUAN_CATEGORY', 'data', 30, '0', '1', '2017-02-26 18:57:46', '1', '2017-02-26 18:57:46', '', '0'),
	('9', 'blue', '蓝色', 'color', '颜色值', 30, '0', '1', '2013-05-27 08:00:00', '1', '2013-05-27 08:00:00', NULL, '0'),
	('90', 'userselect', '人员选择\0', 'gen_show_type', '字段生成方案', 70, '0', '1', '2013-10-28 08:00:00', '1', '2013-10-28 08:00:00', NULL, '1'),
	('91', 'officeselect', '部门选择', 'gen_show_type', '字段生成方案', 80, '0', '1', '2013-10-28 08:00:00', '1', '2013-10-28 08:00:00', NULL, '1'),
	('92', 'areaselect', '区域选择', 'gen_show_type', '字段生成方案', 90, '0', '1', '2013-10-28 08:00:00', '1', '2013-10-28 08:00:00', NULL, '1'),
	('9283fa34fa4a470988da5c7751d7f4e7', '7', '于乡支行', 'SHOP_ID', 'yjyxxys@163.com', 70, '0', '1', '2017-01-08 18:01:07', '1', '2017-02-05 23:20:17', '', '0'),
	('93', 'String', 'String', 'gen_java_type', 'Java类型', 10, '0', '1', '2013-10-28 08:00:00', '1', '2013-10-28 08:00:00', NULL, '1'),
	('93096b1ad2084cbc8a033b15ced66102', '5', '50万以上', 'HOUSE_PRICE', '50万以上', 50, '0', '1', '2017-01-08 19:04:31', '1', '2017-01-08 19:04:31', '', '0'),
	('933a790c7a5e4302a573e3313bc120d4', '5', '商住两用房', 'HAVE_HOUSE', '商住两用房', 50, '0', '1', '2017-01-08 19:01:16', '1', '2017-01-08 19:01:16', '', '0'),
	('93c7457288434226904ab01b9fb90089', '2', 'C#', 'dev_language', '开发语言', 20, '0', '1', '2016-04-18 04:03:37', '1', '2016-04-17 21:23:31', '', '0'),
	('94', 'Long', 'Long', 'gen_java_type', 'Java类型', 20, '0', '1', '2013-10-28 08:00:00', '1', '2013-10-28 08:00:00', NULL, '1'),
	('95', 'dao', '仅持久层', 'gen_category', '代码生成分类\0\0\0\0\0\0', 40, '0', '1', '2013-10-28 08:00:00', '1', '2013-10-28 08:00:00', NULL, '1'),
	('96', '1', '男', 'sex', '性别', 10, '0', '1', '2013-10-28 08:00:00', '1', '2013-10-28 08:00:00', NULL, '0'),
	('97', '2', '女', 'sex', '性别', 20, '0', '1', '2013-10-28 08:00:00', '1', '2013-10-28 08:00:00', NULL, '0'),
	('98', 'Integer', 'Integer', 'gen_java_type', 'Java类型\0\0', 30, '0', '1', '2013-10-28 08:00:00', '1', '2013-10-28 08:00:00', NULL, '1'),
	('9825c37e9b0b4420b53929e433aab095', '4', '赵柏支行', 'SHOP_ID', 'yjzbzh@163.com', 40, '0', '1', '2017-01-08 18:00:32', '1', '2017-02-05 23:19:35', '', '0'),
	('99', 'Double', 'Double', 'gen_java_type', 'Java类型\0\0', 40, '0', '1', '2013-10-28 08:00:00', '1', '2013-10-28 08:00:00', NULL, '1'),
	('99592ef2073a4947af8dced57afcf7d3', '1', '两万以下', 'AMOUNT', '两万以下', 10, '0', '1', '2017-01-08 19:02:24', '1', '2017-01-08 19:02:24', '', '0'),
	('9c626158fd7c4136a4f6cd30d5056e34', '6', '郭李支行', 'SHOP_ID', 'yjglxys@163.com', 60, '0', '1', '2017-01-08 18:00:57', '1', '2017-02-05 23:20:05', '', '0'),
	('9df0dcb95fac4c1dad96ca0206156390', '2', '商品促销', 'QUAN_CATEGORY', 'data', 20, '0', 'b9cfb70b41c049baa62058c11be2a03b', '2017-02-26 15:58:38', 'b9cfb70b41c049baa62058c11be2a03b', '2017-02-26 15:59:19', '', '0'),
	('a03e43f34c5b4d7d965ddac2f1e01bdc', '2', '城西支行', 'SHOP_ID', 'yjcxxys@163.com', 20, '0', '1', '2017-01-08 18:00:11', '1', '2017-02-05 23:18:00', '', '0'),
	('a89cf2ed218d4b469c84bf8e835a7fe0', '5', '任阳支行', 'SHOP_ID', 'yjryxys@163.com', 50, '0', '1', '2017-01-08 18:00:47', '1', '2017-02-05 23:19:47', '', '0'),
	('ad70306d81904e7aa943ea9c5567200b', '2', '福农卡授信', 'BANK_PRODUCT', '福农卡授信', 20, '0', '1', '2017-02-12 20:15:33', '1', '2017-02-12 20:15:33', '', '0'),
	('b1628a9100d946d8b8282be930efeea0', '1', '白领通', 'BANK_PRODUCT', '白领通', 10, '0', '1', '2017-02-12 20:15:21', '1', '2017-02-12 20:15:21', '', '0'),
	('b1e1b466671147488671509badf37a41', '1', '有', 'HAVE_NOT', '无', 20, '0', '1', '2017-01-08 18:58:45', '1', '2017-01-08 18:58:45', '', '0'),
	('b5e4cef2c6c04b29b52df40cc9b2bbb1', '#', '会员专区', 'QUAN_GUIDE', '/images/ico_home_8.png', 8, '0', 'b9cfb70b41c049baa62058c11be2a03b', '2017-02-26 18:18:30', 'b9cfb70b41c049baa62058c11be2a03b', '2017-02-26 18:18:30', '', '0'),
	('c115608ac2e44f6f8d758669a43adf30', '1', '有效', 'IS_VALID', '有效', 20, '0', '1', '2017-01-08 17:57:36', '1', '2017-01-08 17:57:36', '', '0'),
	('c115965f3f914b35941291b7a36999e9', '1', '1000元-3000元', 'SALARY_TYPE', '1000元-3000元', 10, '0', '1', '2017-01-08 18:55:41', '1', '2017-01-08 18:55:41', '', '0'),
	('c47addbb355d4e468ed729dd9a1002f4', '2', '10-20万', 'HOUSE_PRICE', '10-20万', 20, '0', '1', '2017-01-08 19:04:01', '1', '2017-01-08 19:04:01', '', '0'),
	('ca59572a8b33483da80f52a9d6dbbd7e', '3', '上班族', 'WORK_TYPE', '上班族', 30, '0', '1', '2017-01-08 18:54:02', '1', '2017-01-08 18:54:02', '', '0'),
	('ca9870fc91244faa825bc9dd9d3c1b84', '#', '开心一刻', 'QUAN_GUIDE', '/images/ico_home_4.png', 4, '0', 'b9cfb70b41c049baa62058c11be2a03b', '2017-02-26 18:17:25', 'b9cfb70b41c049baa62058c11be2a03b', '2017-02-26 18:17:25', '', '0'),
	('cc0df1fe492746e485806cf7cd06c2ab', '1', '便民服务', 'QUAN_CATEGORY', 'data', 10, '0', 'b9cfb70b41c049baa62058c11be2a03b', '2017-02-26 15:58:37', 'b9cfb70b41c049baa62058c11be2a03b', '2017-02-26 18:19:02', '', '0'),
	('ccd4006e4c0d443f91664ed9a0fe44ed', '17', '蒲州支行', 'SHOP_ID', 'yjpzxys@163.com', 170, '0', '1', '2017-01-08 18:03:05', '1', '2017-02-05 23:22:20', '', '0'),
	('cce8270bae6c48e19c74124babb797d3', '3', '项目', 'act_category', '流程分类', 20, '0', '1', '2016-04-10 00:11:22', '1', '2016-04-10 00:11:22', '', '0'),
	('ce902c38d4c548bfaaf4507ed51acd25', '6', '便民电话', 'QUAN_CATEGORY', 'data', 60, '0', '1', '2017-02-26 18:58:22', '1', '2017-02-26 18:58:22', '', '0'),
	('d19a0b6523ed4d038f5aa723128d9e0b', '4', '创业者', 'WORK_TYPE', '创业者', 40, '0', '1', '2017-01-08 18:54:12', '1', '2017-01-08 18:54:12', '', '0'),
	('d734f05fc962401a9469d68aa4d92941', '#', '商场促销', 'QUAN_GUIDE', '/images/ico_home_5.png', 5, '0', 'b9cfb70b41c049baa62058c11be2a03b', '2017-02-26 18:17:43', 'b9cfb70b41c049baa62058c11be2a03b', '2017-02-26 18:17:43', '', '0'),
	('d9fe9f6417df4b838702b6b17fa81b98', '1', '城关支行', 'SHOP_ID', 'yjcgxys@163.com', 10, '0', '1', '2017-01-08 17:59:57', '1', '2017-02-05 23:17:46', '', '0'),
	('dc27322b173f4e54ac9ae6556f5d6ef1', '1', 'metro', 'DEV_SOLUTION_STYLE', '方案风格', 10, '0', '1', '2016-04-17 20:01:40', '1', '2016-04-17 20:01:40', '', '0'),
	('dec962bc92a24158b4315fd3e9d6e53a', '20', '舜都支行', 'SHOP_ID', 'yjsdxys@163.com', 200, '0', '1', '2017-01-08 18:03:38', '1', '2017-02-05 23:23:07', '', '0'),
	('dedf5e4054944aa88aad001f4dc86ab4', '5', '10000元以上', 'SALARY_TYPE', '10000元以上', 50, '0', '1', '2017-01-08 18:56:20', '1', '2017-01-08 18:56:20', '', '0'),
	('e12163f3e8e74002af3c90a97f71188d', '0', '无', 'HAVE_NOT', '无', 10, '0', '1', '2017-01-08 18:58:38', '1', '2017-01-08 18:58:38', '', '0'),
	('e3c8327504d74eb6b0752c84ba4618d6', '1', 'java', 'dev_language', '开发语言', 10, '0', '1', '2016-04-18 04:02:59', '1', '2016-04-18 04:02:59', '', '0'),
	('e6777c1044894faebd53bfed8eee2dc3', '1', '代码', 'DEV_TEMPLATE_TYPE', '代码类型', 10, '0', '1', '2016-04-18 20:37:57', '1', '2016-04-18 20:37:57', '代码类型', '0'),
	('e785ac9f477041db8c6718d187817ada', '3', '五万至十万', 'AMOUNT', '五万至十万', 30, '0', '1', '2017-01-08 19:02:44', '1', '2017-01-08 19:02:44', '', '0'),
	('e9aee14bd11f4e178865364acdba67c5', '4', '大产权房', 'HAVE_HOUSE', '大产权房', 40, '0', '1', '2017-01-08 19:01:06', '1', '2017-01-08 19:01:06', '', '0'),
	('ea876520bd9a4be1b4cfaf71dc590a5d', '14', '常青支行', 'SHOP_ID', 'yjcqxys@163.com', 140, '0', '1', '2017-01-08 18:02:31', '1', '2017-02-05 23:21:49', '', '0'),
	('ee65787c16034745b9e73222a3226d41', '2', '类型2', 'DEV_CRM_TYPE', '客户审核状态', 20, '0', '1', '2016-04-20 06:26:35', '1', '2016-04-20 06:28:24', '', '0'),
	('f31a863e6f044345a2e6c8c49865ef7c', '2', '两万至五万', 'AMOUNT', '两万至五万', 20, '0', '1', '2017-01-08 19:02:35', '1', '2017-01-08 19:02:35', '', '0'),
	('f79380d9d91143d7b70b75e71d6b4674', '4', '人事', 'act_category', '流程分类', 20, '0', '1', '2016-04-10 00:11:36', '1', '2016-04-10 00:11:36', '', '0'),
	('f8b80fd7b0284265b1b27ca1711b50d0', '1', '立项', 'DEV_PROJECT_STATUS', '项目状态', 10, '0', '1', '2016-04-19 06:57:44', '1', '2016-04-19 06:57:44', '', '0'),
	('fc29c95200f3468e9296aa41667797d3', '2', '开始', 'DEV_PROJECT_STATUS', '项目状态', 20, '0', '1', '2016-04-19 06:57:54', '1', '2016-04-19 06:57:54', '', '0'),
	('ffe2c2ea7828487fa4945846c772464e', '/images/pic.jpg', 'image1', 'QUAN_LUNBO', '#', 10, '0', 'b9cfb70b41c049baa62058c11be2a03b', '2017-02-26 16:10:46', 'b9cfb70b41c049baa62058c11be2a03b', '2017-02-26 16:11:31', '', '0');
/*!40000 ALTER TABLE `sys_dict` ENABLE KEYS */;

-- 导出  表 west-studio.sys_log 结构
CREATE TABLE IF NOT EXISTS `sys_log` (
  `id` varchar(64) NOT NULL COMMENT '编号',
  `type` char(1) DEFAULT '1' COMMENT '日志类型',
  `title` varchar(255) DEFAULT '' COMMENT '日志标题',
  `create_by` varchar(64) DEFAULT NULL COMMENT '创建者',
  `create_date` datetime DEFAULT NULL COMMENT '创建时间',
  `remote_addr` varchar(255) DEFAULT NULL COMMENT '操作IP地址',
  `user_agent` varchar(255) DEFAULT NULL COMMENT '用户代理',
  `request_uri` varchar(255) DEFAULT NULL COMMENT '请求URI',
  `method` varchar(5) DEFAULT NULL COMMENT '操作方式',
  `params` text COMMENT '操作提交的数据',
  `exception` text COMMENT '异常信息',
  PRIMARY KEY (`id`),
  KEY `sys_log_create_by` (`create_by`),
  KEY `sys_log_request_uri` (`request_uri`),
  KEY `sys_log_type` (`type`),
  KEY `sys_log_create_date` (`create_date`)
) ENGINE=InnoDB DEFAULT CHARSET=utf8 COMMENT='日志表';

-- 正在导出表  west-studio.sys_log 的数据：~0 rows (大约)
/*!40000 ALTER TABLE `sys_log` DISABLE KEYS */;
/*!40000 ALTER TABLE `sys_log` ENABLE KEYS */;

-- 导出  表 west-studio.sys_mdict 结构
CREATE TABLE IF NOT EXISTS `sys_mdict` (
  `id` varchar(64) NOT NULL COMMENT '编号',
  `parent_id` varchar(64) NOT NULL COMMENT '父级编号',
  `parent_ids` varchar(2000) NOT NULL COMMENT '所有父级编号',
  `name` varchar(100) NOT NULL COMMENT '名称',
  `sort` decimal(10,0) NOT NULL COMMENT '排序',
  `description` varchar(100) DEFAULT NULL COMMENT '描述',
  `create_by` varchar(64) NOT NULL COMMENT '创建者',
  `create_date` datetime NOT NULL COMMENT '创建时间',
  `update_by` varchar(64) NOT NULL COMMENT '更新者',
  `update_date` datetime NOT NULL COMMENT '更新时间',
  `remarks` varchar(255) DEFAULT NULL COMMENT '备注信息',
  `del_flag` char(1) NOT NULL DEFAULT '0' COMMENT '删除标记',
  PRIMARY KEY (`id`),
  KEY `sys_mdict_parent_id` (`parent_id`),
  KEY `sys_mdict_del_flag` (`del_flag`)
) ENGINE=InnoDB DEFAULT CHARSET=utf8 COMMENT='多级字典表';

-- 正在导出表  west-studio.sys_mdict 的数据：~0 rows (大约)
/*!40000 ALTER TABLE `sys_mdict` DISABLE KEYS */;
/*!40000 ALTER TABLE `sys_mdict` ENABLE KEYS */;

-- 导出  表 west-studio.sys_menu 结构
CREATE TABLE IF NOT EXISTS `sys_menu` (
  `id` varchar(64) NOT NULL COMMENT '编号',
  `parent_id` varchar(64) NOT NULL COMMENT '父级编号',
  `parent_ids` varchar(2000) NOT NULL COMMENT '所有父级编号',
  `name` varchar(100) NOT NULL COMMENT '名称',
  `sort` decimal(10,0) NOT NULL COMMENT '排序',
  `href` varchar(2000) DEFAULT NULL COMMENT '链接',
  `target` varchar(20) DEFAULT NULL COMMENT '目标',
  `icon` varchar(100) DEFAULT NULL COMMENT '图标',
  `is_show` char(1) NOT NULL COMMENT '是否在菜单中显示',
  `permission` varchar(200) DEFAULT NULL COMMENT '权限标识',
  `create_by` varchar(64) NOT NULL COMMENT '创建者',
  `create_date` datetime NOT NULL COMMENT '创建时间',
  `update_by` varchar(64) NOT NULL COMMENT '更新者',
  `update_date` datetime NOT NULL COMMENT '更新时间',
  `remarks` varchar(255) DEFAULT NULL COMMENT '备注信息',
  `del_flag` char(1) NOT NULL DEFAULT '0' COMMENT '删除标记',
  `help` text COMMENT '功能帮助',
  PRIMARY KEY (`id`),
  KEY `sys_menu_parent_id` (`parent_id`),
  KEY `sys_menu_del_flag` (`del_flag`)
) ENGINE=InnoDB DEFAULT CHARSET=utf8 COMMENT='菜单表';

-- 正在导出表  west-studio.sys_menu 的数据：~135 rows (大约)
/*!40000 ALTER TABLE `sys_menu` DISABLE KEYS */;
INSERT INTO `sys_menu` (`id`, `parent_id`, `parent_ids`, `name`, `sort`, `href`, `target`, `icon`, `is_show`, `permission`, `create_by`, `create_date`, `update_by`, `update_date`, `remarks`, `del_flag`, `help`) VALUES
	('01e59988cc1d4dd88607620ba2970dc0', '71dd7b6ffaef4b458d686dd1178a067b', '0,1,71dd7b6ffaef4b458d686dd1178a067b,', '信息审核', 30, '', '', '', '1', '', '1', '2017-02-28 22:17:50', '1', '2017-02-28 22:18:00', '', '0', NULL),
	('06aed88ade4d40029b4d7d4a7b30354e', '1e9b10401f9042a69299f218b4ff731a', '0,1,d3540128e5cf4cdba2e960f98eab0f84,1e9b10401f9042a69299f218b4ff731a,', '存款申请管理', 60, '/deposit/list', '', '', '1', '', '1', '2017-01-08 00:00:15', '1', '2017-02-13 19:28:01', 'a', '0', NULL),
	('0b2ebd4d639e4c2b83c2dd0764522f24', 'ba8092291b40482db8fe7fc006ea3d76', '0,1,79,3c92c17886944d0687e73e286cada573,ba8092291b40482db8fe7fc006ea3d76,', '编辑', 60, '', '', '', '0', 'test:testData:edit', '1', '2013-08-12 13:10:05', '1', '2013-08-12 13:10:05', '', '1', ''),
	('0ca004d6b1bf4bcab9670a5060d82a55', '3c92c17886944d0687e73e286cada573', '0,1,79,3c92c17886944d0687e73e286cada573,', '树结构', 90, '/test/testTree', '', '', '1', '', '1', '2013-08-12 13:10:05', '1', '2013-08-12 13:10:05', '', '1', ''),
	('0df5ec9380c94c8493a0dd0f9cad48a4', '80', '0,1,79,80,', '代码模板', 120, '/gen/template/platformCode', '', '', '0', 'gen:template:platformCode:view,gen:template:platformCode:edit', '1', '2016-04-18 06:47:07', '1', '2016-04-18 21:50:31', '', '1', ''),
	('0e60a1b334754f8b91996d808966691a', '01e59988cc1d4dd88607620ba2970dc0', '0,1,71dd7b6ffaef4b458d686dd1178a067b,01e59988cc1d4dd88607620ba2970dc0,', '商铺转让', 120, '/shop/list', '', '', '1', '', '1', '2017-02-28 22:27:43', '1', '2017-02-28 22:27:43', '', '0', NULL),
	('1', '0', '0,', '功能菜单', 0, NULL, NULL, NULL, '1', NULL, '1', '2013-05-27 08:00:00', '1', '2013-05-27 08:00:00', NULL, '0', ''),
	('10', '3', '0,1,2,3,', '字典管理', 60, '/sys/dict/', NULL, 'th-list', '1', NULL, '1', '2013-05-27 08:00:00', '1', '2013-05-27 08:00:00', NULL, '0', ''),
	('11', '10', '0,1,2,3,10,', '查看', 30, NULL, NULL, NULL, '0', 'sys:dict:view', '1', '2013-05-27 08:00:00', '1', '2013-05-27 08:00:00', NULL, '0', ''),
	('12', '10', '0,1,2,3,10,', '修改', 40, NULL, NULL, NULL, '0', 'sys:dict:edit', '1', '2013-05-27 08:00:00', '1', '2013-05-27 08:00:00', NULL, '0', ''),
	('1231ef19e08041378da29d8b97f0116b', 'd08a18be7e324e018eaf7336ca2ea980', '0,1,66282104315649688d7a0e21912df364,d08a18be7e324e018eaf7336ca2ea980,', '商品列表', 30, '/product/list', '', '', '1', '', '1', '2017-03-19 15:27:04', '1', '2017-03-19 15:27:04', '', '0', NULL),
	('13', '2', '0,1,2,', '机构用户', 970, NULL, NULL, NULL, '1', NULL, '1', '2013-05-27 08:00:00', '1', '2013-05-27 08:00:00', NULL, '0', ''),
	('14', '13', '0,1,2,13,', '区域管理', 50, '/sys/area/', NULL, 'th', '1', NULL, '1', '2013-05-27 08:00:00', '1', '2013-05-27 08:00:00', NULL, '0', ''),
	('15', '14', '0,1,2,13,14,', '查看', 30, NULL, NULL, NULL, '0', 'sys:area:view', '1', '2013-05-27 08:00:00', '1', '2013-05-27 08:00:00', NULL, '0', ''),
	('16', '14', '0,1,2,13,14,', '修改', 40, NULL, NULL, NULL, '0', 'sys:area:edit', '1', '2013-05-27 08:00:00', '1', '2013-05-27 08:00:00', NULL, '0', ''),
	('17', '13', '0,1,2,13,', '机构管理', 40, '/sys/office/', NULL, 'th-large', '1', NULL, '1', '2013-05-27 08:00:00', '1', '2013-05-27 08:00:00', NULL, '0', ''),
	('177a51da25434d5899cf38d886280524', '56', '0,1,27,56,', '文件管理', 80, '/../static/ckfinder/ckfinder.html', '', '', '1', '', '1', '2016-04-12 23:45:39', '1', '2016-04-12 23:48:54', '', '1', ''),
	('18', '17', '0,1,2,13,17,', '查看', 30, NULL, NULL, NULL, '0', 'sys:office:view', '1', '2013-05-27 08:00:00', '1', '2013-05-27 08:00:00', NULL, '0', ''),
	('19', '17', '0,1,2,13,17,', '修改', 40, NULL, NULL, NULL, '0', 'sys:office:edit', '1', '2013-05-27 08:00:00', '1', '2013-05-27 08:00:00', NULL, '0', ''),
	('1e9b10401f9042a69299f218b4ff731a', 'd3540128e5cf4cdba2e960f98eab0f84', '0,1,d3540128e5cf4cdba2e960f98eab0f84,', '基本信息', 30, '', '', '', '1', '', '1', '2016-04-20 06:33:50', '1', '2016-04-20 06:33:50', '', '0', ''),
	('2', '1', '0,1,', '系统设置', 900, NULL, NULL, NULL, '1', NULL, '1', '2013-05-27 08:00:00', '1', '2013-05-27 08:00:00', NULL, '0', ''),
	('20', '13', '0,1,2,13,', '用户管理', 30, '/sys/user/index', NULL, 'user', '1', NULL, '1', '2013-05-27 08:00:00', '1', '2013-05-27 08:00:00', NULL, '0', ''),
	('203efe371ffb412e9ff336a3f70caa44', '80', '0,1,79,80,', '方案模型', 150, '/gen/pattern/platformPattern', '', '', '1', 'gen:pattern:platformPattern:view,gen:pattern:platformPattern:edit', '1', '2016-04-18 05:53:58', '1', '2016-09-07 21:30:46', '', '1', ''),
	('21', '20', '0,1,2,13,20,', '查看', 30, NULL, NULL, NULL, '0', 'sys:user:view', '1', '2013-05-27 08:00:00', '1', '2013-05-27 08:00:00', NULL, '0', ''),
	('22', '20', '0,1,2,13,20,', '修改', 40, NULL, NULL, NULL, '0', 'sys:user:edit', '1', '2013-05-27 08:00:00', '1', '2013-05-27 08:00:00', NULL, '0', ''),
	('23', '2', '0,1,2,', '关于帮助', 990, NULL, NULL, NULL, '0', NULL, '1', '2013-05-27 08:00:00', '1', '2013-05-27 08:00:00', NULL, '0', ''),
	('24', '23', '0,1,2,23,', '官方首页', 30, 'http://www.baidu.com', '_blank', '', '0', '', '1', '2013-05-27 08:00:00', '1', '2017-02-13 19:35:24', '', '0', ''),
	('25', '23', '0,1,2,23', '项目支持', 50, 'http://jeesite.com/donation.html', '_blank', NULL, '0', NULL, '1', '2013-05-27 08:00:00', '1', '2013-05-27 08:00:00', NULL, '1', ''),
	('26', '23', '0,1,2,23', '论坛交流', 80, 'http://bbs.jeesite.com', '_blank', NULL, '0', NULL, '1', '2013-05-27 08:00:00', '1', '2013-05-27 08:00:00', NULL, '1', ''),
	('27', '1', '0,1,', '我的面板', 100, NULL, NULL, NULL, '1', NULL, '1', '2013-05-27 08:00:00', '1', '2013-05-27 08:00:00', NULL, '0', ''),
	('28', '27', '0,1,27,', '个人信息', 30, NULL, NULL, NULL, '1', NULL, '1', '2013-05-27 08:00:00', '1', '2013-05-27 08:00:00', NULL, '0', ''),
	('29', '28', '0,1,27,28,', '个人信息', 30, '/sys/user/info', NULL, 'user', '1', NULL, '1', '2013-05-27 08:00:00', '1', '2013-05-27 08:00:00', NULL, '0', ''),
	('2e540ec4df4a44b3a0e93dd8df9fef19', '01e59988cc1d4dd88607620ba2970dc0', '0,1,71dd7b6ffaef4b458d686dd1178a067b,01e59988cc1d4dd88607620ba2970dc0,', '职位审批', 30, '/job/list', '', '', '1', '', '1', '2017-02-28 22:18:12', '1', '2017-02-28 22:19:02', '', '0', NULL),
	('2e6d2d7076314c51aae555d863f3fca7', '65e9d6762cf549199f3c2512b2d9b266', '0,1,65e9d6762cf549199f3c2512b2d9b266,', '项目管理', 60, '', '', '', '0', '', '1', '2016-04-19 07:06:28', '1', '2016-12-28 22:34:35', '', '1', ''),
	('3', '2', '0,1,2,', '系统设置', 980, NULL, NULL, NULL, '1', NULL, '1', '2013-05-27 08:00:00', '1', '2013-05-27 08:00:00', NULL, '0', ''),
	('30', '28', '0,1,27,28,', '修改密码', 40, '/sys/user/modifyPwd', NULL, 'lock', '1', NULL, '1', '2013-05-27 08:00:00', '1', '2013-05-27 08:00:00', NULL, '0', ''),
	('306f8c94d4d541a68b5e6051e57b41d1', '2e6d2d7076314c51aae555d863f3fca7', '0,1,65e9d6762cf549199f3c2512b2d9b266,2e6d2d7076314c51aae555d863f3fca7,', '阶段', 90, '/task/phase/phase', '', '', '1', 'task:phase:phase:view,task:phase:phase:edit', '1', '2016-07-07 21:55:46', '1', '2016-07-07 21:55:46', '', '1', ''),
	('31', '1', '0,1,', '内容管理', 500, '', '', '', '1', '', '1', '2013-05-27 08:00:00', '1', '2017-02-26 16:23:30', '', '0', ''),
	('32', '31', '0,1,31,', '栏目设置', 990, NULL, NULL, NULL, '1', NULL, '1', '2013-05-27 08:00:00', '1', '2013-05-27 08:00:00', NULL, '0', ''),
	('322c313fa46f4a12929bf412ab96e3d2', 'c34c40da7b8f4ba1ba06495cdbdce75e', '0,1,65e9d6762cf549199f3c2512b2d9b266,2e6d2d7076314c51aae555d863f3fca7,c34c40da7b8f4ba1ba06495cdbdce75e,', '方案', 30, '/project/projectSolution', '', '', '0', 'project:projectSolution:view,project:projectSolution:edit', '1', '2016-04-19 07:24:29', '1', '2016-04-19 07:25:34', '', '1', ''),
	('33', '32', '0,1,31,32', '栏目管理', 30, '/cms/category/', NULL, 'align-justify', '1', NULL, '1', '2013-05-27 08:00:00', '1', '2013-05-27 08:00:00', NULL, '0', ''),
	('34', '33', '0,1,31,32,33,', '查看', 30, NULL, NULL, NULL, '0', 'cms:category:view', '1', '2013-05-27 08:00:00', '1', '2013-05-27 08:00:00', NULL, '0', ''),
	('35', '33', '0,1,31,32,33,', '修改', 40, NULL, NULL, NULL, '0', 'cms:category:edit', '1', '2013-05-27 08:00:00', '1', '2013-05-27 08:00:00', NULL, '0', ''),
	('36', '32', '0,1,31,32', '站点设置', 40, '/cms/site/', NULL, 'certificate', '1', NULL, '1', '2013-05-27 08:00:00', '1', '2013-05-27 08:00:00', NULL, '0', ''),
	('37', '36', '0,1,31,32,36,', '查看', 30, NULL, NULL, NULL, '0', 'cms:site:view', '1', '2013-05-27 08:00:00', '1', '2013-05-27 08:00:00', NULL, '0', ''),
	('38', '36', '0,1,31,32,36,', '修改', 40, NULL, NULL, NULL, '0', 'cms:site:edit', '1', '2013-05-27 08:00:00', '1', '2013-05-27 08:00:00', NULL, '0', ''),
	('39', '32', '0,1,31,32', '切换站点', 50, '/cms/site/select', NULL, 'retweet', '1', 'cms:site:select', '1', '2013-05-27 08:00:00', '1', '2013-05-27 08:00:00', NULL, '0', ''),
	('3c92c17886944d0687e73e286cada573', '79', '0,1,79,', '生成示例', 120, '', '', '', '1', '', '1', '2013-08-12 13:10:05', '1', '2013-08-12 13:10:05', '', '1', ''),
	('3cf76c76ed694e16bae9bc3fffd20b9f', '6c40ee070c924396a40d9df90613a68c', '0,1,2,13,6c40ee070c924396a40d9df90613a68c,', '查看', 60, '', '', '', '0', 'sys:sysWorkArea:view', '1', '2016-04-10 17:55:53', '1', '2016-04-10 18:00:30', '', '0', ''),
	('3f143b2174ca4deda70537845bcbcda8', '6c40ee070c924396a40d9df90613a68c', '0,1,2,13,6c40ee070c924396a40d9df90613a68c,', '修改', 30, '', '', '', '0', 'sys:sysWorkArea:edit', '1', '2016-04-10 17:55:15', '1', '2016-04-10 17:56:11', '', '0', ''),
	('4', '3', '0,1,2,3,', '菜单管理', 30, '/sys/menu/', NULL, 'list-alt', '1', NULL, '1', '2013-05-27 08:00:00', '1', '2013-05-27 08:00:00', NULL, '0', ''),
	('40', '31', '0,1,31,', '内容管理', 500, NULL, NULL, NULL, '1', 'cms:view', '1', '2013-05-27 08:00:00', '1', '2013-05-27 08:00:00', NULL, '0', ''),
	('41', '40', '0,1,31,40,', '内容发布', 30, '/cms/', NULL, 'briefcase', '1', NULL, '1', '2013-05-27 08:00:00', '1', '2013-05-27 08:00:00', NULL, '0', ''),
	('42', '41', '0,1,31,40,41,', '文章模型', 40, '/cms/article/', NULL, 'file', '0', NULL, '1', '2013-05-27 08:00:00', '1', '2013-05-27 08:00:00', NULL, '0', ''),
	('43', '42', '0,1,31,40,41,42,', '查看', 30, NULL, NULL, NULL, '0', 'cms:article:view', '1', '2013-05-27 08:00:00', '1', '2013-05-27 08:00:00', NULL, '0', ''),
	('44', '42', '0,1,31,40,41,42,', '修改', 40, NULL, NULL, NULL, '0', 'cms:article:edit', '1', '2013-05-27 08:00:00', '1', '2013-05-27 08:00:00', NULL, '0', ''),
	('45', '42', '0,1,31,40,41,42,', '审核', 50, NULL, NULL, NULL, '0', 'cms:article:audit', '1', '2013-05-27 08:00:00', '1', '2013-05-27 08:00:00', NULL, '0', ''),
	('46', '41', '0,1,31,40,41,', '链接模型', 60, '/cms/link/', NULL, 'random', '0', NULL, '1', '2013-05-27 08:00:00', '1', '2013-05-27 08:00:00', NULL, '0', ''),
	('47', '46', '0,1,31,40,41,46,', '查看', 30, NULL, NULL, NULL, '0', 'cms:link:view', '1', '2013-05-27 08:00:00', '1', '2013-05-27 08:00:00', NULL, '0', ''),
	('48', '46', '0,1,31,40,41,46,', '修改', 40, NULL, NULL, NULL, '0', 'cms:link:edit', '1', '2013-05-27 08:00:00', '1', '2013-05-27 08:00:00', NULL, '0', ''),
	('4855cf3b25c244fb8500a380db189d97', 'b1f6d1b86ba24365bae7fd86c5082317', '0,1,79,3c92c17886944d0687e73e286cada573,b1f6d1b86ba24365bae7fd86c5082317,', '查看', 30, '', '', '', '0', 'test:testDataMain:view', '1', '2013-08-12 13:10:05', '1', '2013-08-12 13:10:05', '', '1', ''),
	('49', '46', '0,1,31,40,41,46,', '审核', 50, NULL, NULL, NULL, '0', 'cms:link:audit', '1', '2013-05-27 08:00:00', '1', '2013-05-27 08:00:00', NULL, '0', ''),
	('5', '4', '0,1,2,3,4,', '查看', 30, NULL, NULL, NULL, '0', 'sys:menu:view', '1', '2013-05-27 08:00:00', '1', '2013-05-27 08:00:00', NULL, '0', ''),
	('50', '40', '0,1,31,40,', '评论管理', 40, '/cms/comment/?status=2', NULL, 'comment', '1', NULL, '1', '2013-05-27 08:00:00', '1', '2013-05-27 08:00:00', NULL, '0', ''),
	('51', '50', '0,1,31,40,50,', '查看', 30, NULL, NULL, NULL, '0', 'cms:comment:view', '1', '2013-05-27 08:00:00', '1', '2013-05-27 08:00:00', NULL, '0', ''),
	('52', '50', '0,1,31,40,50,', '审核', 40, NULL, NULL, NULL, '0', 'cms:comment:edit', '1', '2013-05-27 08:00:00', '1', '2013-05-27 08:00:00', NULL, '0', ''),
	('52826cc89a194d68abff56543c306a29', '1', '0,1,', '微商圈管理', 5090, '', '', '', '1', '', '1', '2017-02-26 18:27:03', '1', '2017-02-26 18:27:03', '', '0', NULL),
	('53', '40', '0,1,31,40,', '公共留言', 80, '/cms/guestbook/?status=2', NULL, 'glass', '1', NULL, '1', '2013-05-27 08:00:00', '1', '2013-05-27 08:00:00', NULL, '0', ''),
	('54', '53', '0,1,31,40,53,', '查看', 30, NULL, NULL, NULL, '0', 'cms:guestbook:view', '1', '2013-05-27 08:00:00', '1', '2013-05-27 08:00:00', NULL, '0', ''),
	('55', '53', '0,1,31,40,53,', '审核', 40, NULL, NULL, NULL, '0', 'cms:guestbook:edit', '1', '2013-05-27 08:00:00', '1', '2013-05-27 08:00:00', NULL, '0', ''),
	('56', '27', '0,1,27,', '文件管理', 90, '', '', 'folder-open', '1', '', '1', '2013-05-27 08:00:00', '1', '2016-04-12 23:46:00', '', '1', ''),
	('57', '56', '0,1,27,56,', '查看', 30, '', '', '', '0', 'cms:ckfinder:view', '1', '2013-05-27 08:00:00', '1', '2016-04-10 16:49:47', '', '1', ''),
	('58', '56', '0,1,27,56,', '上传', 40, '', '', '', '0', 'cms:ckfinder:upload', '1', '2013-05-27 08:00:00', '1', '2016-04-10 16:49:54', '', '1', ''),
	('59', '56', '0,1,27,56,', '修改', 50, '', '', '', '0', 'cms:ckfinder:edit', '1', '2013-05-27 08:00:00', '1', '2016-04-10 16:50:00', '', '1', ''),
	('5b2a172fe9e244c09393893ddf3fd7dc', '01e59988cc1d4dd88607620ba2970dc0', '0,1,71dd7b6ffaef4b458d686dd1178a067b,01e59988cc1d4dd88607620ba2970dc0,', '二手房', 60, '/house/list', '', '', '0', '', '1', '2017-02-28 22:27:10', '1', '2017-03-05 20:43:25', '', '0', NULL),
	('6', '4', '0,1,2,3,4,', '修改', 40, NULL, NULL, NULL, '0', 'sys:menu:edit', '1', '2013-05-27 08:00:00', '1', '2013-05-27 08:00:00', NULL, '0', ''),
	('60', '31', '0,1,31,', '统计分析', 600, NULL, NULL, NULL, '1', NULL, '1', '2013-05-27 08:00:00', '1', '2013-05-27 08:00:00', NULL, '0', ''),
	('603f00b5e90647d2840e805e16bf4577', '01e59988cc1d4dd88607620ba2970dc0', '0,1,71dd7b6ffaef4b458d686dd1178a067b,01e59988cc1d4dd88607620ba2970dc0,', '婚姻介绍', 180, '/marriage/list', '', '', '1', '', '1', '2017-03-05 19:56:49', '1', '2017-03-05 19:56:49', '', '0', NULL),
	('61', '60', '0,1,31,60,', '信息量统计', 30, '/cms/stats/article', NULL, 'tasks', '1', 'cms:stats:article', '1', '2013-05-27 08:00:00', '1', '2013-05-27 08:00:00', NULL, '0', ''),
	('62', '1', '0,1,', '在线办公', 200, '', '', '', '0', '', '1', '2013-05-27 08:00:00', '1', '2016-12-28 22:26:49', '', '1', ''),
	('63', '62', '0,1,62,', '个人办公', 30, NULL, NULL, NULL, '1', NULL, '1', '2013-05-27 08:00:00', '1', '2013-05-27 08:00:00', NULL, '1', ''),
	('64', '63', '0,1,62,63,', '请假办理', 300, '/oa/leave', '', 'leaf', '1', '', '1', '2013-05-27 08:00:00', '1', '2016-04-10 11:28:29', '', '1', ''),
	('65', '64', '0,1,62,63,64,', '查看', 30, NULL, NULL, NULL, '0', 'oa:leave:view', '1', '2013-05-27 08:00:00', '1', '2013-05-27 08:00:00', NULL, '1', ''),
	('65e9d6762cf549199f3c2512b2d9b266', '1', '0,1,', '项目管理', 5030, '', '', '', '0', '', '1', '2016-04-19 07:03:28', '1', '2016-12-28 22:35:40', '', '1', ''),
	('66', '64', '0,1,62,63,64,', '修改', 40, NULL, NULL, NULL, '0', 'oa:leave:edit', '1', '2013-05-27 08:00:00', '1', '2013-05-27 08:00:00', NULL, '1', ''),
	('66282104315649688d7a0e21912df364', '1', '0,1,', '商城管理', 6000, '', '', '', '1', '', '1', '2017-03-19 15:25:27', '1', '2017-03-19 15:26:25', '', '0', NULL),
	('67', '2', '0,1,2,', '日志查询', 985, NULL, NULL, NULL, '1', NULL, '1', '2013-06-03 08:00:00', '1', '2013-06-03 08:00:00', NULL, '0', ''),
	('68', '67', '0,1,2,67,', '日志查询', 30, '/sys/log', NULL, 'pencil', '1', 'sys:log:view', '1', '2013-06-03 08:00:00', '1', '2013-06-03 08:00:00', NULL, '0', ''),
	('69', '62', '0,1,62,', '流程管理', 300, NULL, NULL, NULL, '1', NULL, '1', '2013-05-27 08:00:00', '1', '2013-05-27 08:00:00', NULL, '1', ''),
	('6b8a23a5f5f242c78d701687c3d994e4', 'df3f7ac1993b48298dec1ad708f7859c', '0,1,65e9d6762cf549199f3c2512b2d9b266,df3f7ac1993b48298dec1ad708f7859c,', '方案市场', 60, '/robot/platformSolution/list', '', '', '1', 'gen:solution:platformSolution:view,gen:solution:platformSolution:edit', '1', '2016-04-17 19:43:15', '1', '2016-09-16 12:53:48', '', '1', ''),
	('6c40ee070c924396a40d9df90613a68c', '13', '0,1,2,13,', '职场管理', 80, '/sys/sysWorkArea', '', 'hospital', '1', '', '1', '2016-04-10 17:35:53', '1', '2016-04-12 23:39:51', '办公场地管里', '0', ''),
	('6eb2ce42320e44799770ca377fd110e8', '1e9b10401f9042a69299f218b4ff731a', '0,1,d3540128e5cf4cdba2e960f98eab0f84,1e9b10401f9042a69299f218b4ff731a,', '贷款申请管理', 30, '/loan/list', '', '', '1', 'crm:company:view,crm:company:edit', '1', '2016-04-20 06:34:12', '1', '2017-02-13 19:27:55', '', '0', ''),
	('6ecba3266e8e44b0b579d3619a4b59c5', '2e6d2d7076314c51aae555d863f3fca7', '0,1,65e9d6762cf549199f3c2512b2d9b266,2e6d2d7076314c51aae555d863f3fca7,', '任务', 60, '/task/task/tasks', '', '', '1', 'task:task:tasks:view,task:task:tasks:edit', '1', '2016-07-07 00:15:07', '1', '2016-07-07 00:15:07', '', '1', ''),
	('7', '3', '0,1,2,3,', '角色管理', 50, '/sys/role/', NULL, 'lock', '1', NULL, '1', '2013-05-27 08:00:00', '1', '2013-05-27 08:00:00', NULL, '0', ''),
	('70', '69', '0,1,62,69,', '流程管理', 50, '/act/process', NULL, 'road', '1', 'act:process:edit', '1', '2013-05-27 08:00:00', '1', '2013-05-27 08:00:00', NULL, '1', ''),
	('71', '1', '0,1,', '文件管理', 90, '', '', '', '1', '', '1', '2013-05-27 08:00:00', '1', '2016-04-10 16:46:17', '', '1', ''),
	('71dd7b6ffaef4b458d686dd1178a067b', '1', '0,1,', '打工平台', 5120, '', '', '', '1', '', '1', '2017-02-28 22:17:39', '1', '2017-02-28 22:17:39', '', '0', NULL),
	('72', '69', '0,1,62,69,', '模型管理', 100, '/act/model', NULL, 'road', '1', 'act:model:edit', '1', '2013-09-20 08:00:00', '1', '2013-09-20 08:00:00', NULL, '1', ''),
	('73', '63', '0,1,62,63,', '我的任务', 50, '/act/task/todo/', NULL, 'tasks', '1', NULL, '1', '2013-09-24 08:00:00', '1', '2013-09-24 08:00:00', NULL, '1', ''),
	('74', '63', '0,1,62,63,', '审批测试', 100, '/oa/testAudit', NULL, NULL, '1', 'oa:testAudit:view,oa:testAudit:edit', '1', '2013-09-24 08:00:00', '1', '2013-09-24 08:00:00', NULL, '1', ''),
	('75', '1', '0,1,', '在线演示', 3000, NULL, NULL, NULL, '1', NULL, '1', '2013-10-08 08:00:00', '1', '2013-10-08 08:00:00', NULL, '1', ''),
	('79', '1', '0,1,', '代码生成', 5000, '', '', '', '0', '', '1', '2013-10-16 08:00:00', '1', '2016-12-28 22:28:02', '', '1', ''),
	('8', '7', '0,1,2,3,7,', '查看', 30, NULL, NULL, NULL, '0', 'sys:role:view', '1', '2013-05-27 08:00:00', '1', '2013-05-27 08:00:00', NULL, '0', ''),
	('80', '79', '0,1,79,', '代码生成', 50, NULL, NULL, NULL, '1', NULL, '1', '2013-10-16 08:00:00', '1', '2013-10-16 08:00:00', NULL, '1', ''),
	('81', '80', '0,1,79,80,', '生成方案配置', 30, '/gen/genScheme', NULL, NULL, '1', 'gen:genScheme:view,gen:genScheme:edit', '1', '2013-10-16 08:00:00', '1', '2013-10-16 08:00:00', NULL, '1', ''),
	('82', '80', '0,1,79,80,', '业务模型', 20, '/gen/genTable', '', '', '1', 'gen:genTable:view,gen:genTable:edit,gen:genTableColumn:view,gen:genTableColumn:edit', '1', '2013-10-16 08:00:00', '1', '2016-04-18 20:22:27', '', '1', ''),
	('83', '80', '0,1,79,80,', '代码模板管理', 90, '/gen/genTemplate', NULL, NULL, '1', 'gen:genTemplate:view,gen:genTemplate:edit', '1', '2013-10-16 08:00:00', '1', '2013-10-16 08:00:00', NULL, '1', ''),
	('84', '67', '0,1,2,67,', '连接池监视', 40, '/../druid', NULL, NULL, '1', NULL, '1', '2013-10-18 08:00:00', '1', '2013-10-18 08:00:00', NULL, '0', ''),
	('85', '76', '0,1,75,76,', '行政区域', 80, '/../static/map/map-city.html', NULL, NULL, '1', NULL, '1', '2013-10-22 08:00:00', '1', '2013-10-22 08:00:00', NULL, '0', ''),
	('86', '75', '0,1,75,', '组件演示', 50, NULL, NULL, NULL, '1', NULL, '1', '2013-10-22 08:00:00', '1', '2013-10-22 08:00:00', NULL, '1', ''),
	('87', '86', '0,1,75,86,', '组件演示', 30, '/test/test/form', NULL, NULL, '1', 'test:test:view,test:test:edit', '1', '2013-10-22 08:00:00', '1', '2013-10-22 08:00:00', NULL, '1', ''),
	('88', '62', '0,1,62,', '通知通告', 20, '', '', '', '1', '', '1', '2013-11-08 08:00:00', '1', '2013-11-08 08:00:00', NULL, '1', ''),
	('89', '88', '0,1,62,88,', '我的通告', 30, '/oa/oaNotify/self', '', '', '1', '', '1', '2013-11-08 08:00:00', '1', '2013-11-08 08:00:00', NULL, '1', ''),
	('9', '7', '0,1,2,3,7,', '修改', 40, NULL, NULL, NULL, '0', 'sys:role:edit', '1', '2013-05-27 08:00:00', '1', '2013-05-27 08:00:00', NULL, '0', ''),
	('90', '88', '0,1,62,88,', '通告管理', 50, '/oa/oaNotify', '', '', '1', 'oa:oaNotify:view,oa:oaNotify:edit', '1', '2013-11-08 08:00:00', '1', '2013-11-08 08:00:00', NULL, '1', ''),
	('9e77269ed96e4869a47119a7788cbe12', '80', '0,1,79,80,', '代码模型', 90, '/gen/pattern/platformPattern', '', '', '0', 'gen:pattern:platformPattern:view,gen:pattern:platformPattern:edit', '1', '2016-04-18 05:55:25', '1', '2016-04-18 21:50:16', '', '1', ''),
	('a63b3f4317a24a9c96cc085930feef7e', 'c34c40da7b8f4ba1ba06495cdbdce75e', '0,1,65e9d6762cf549199f3c2512b2d9b266,2e6d2d7076314c51aae555d863f3fca7,c34c40da7b8f4ba1ba06495cdbdce75e,', '项目代码模板', 60, '/project/projectCode', '', '', '0', 'project:projectCode:view,project:projectCode:edit', '1', '2016-04-21 07:02:05', '1', '2016-04-21 07:31:29', '', '1', ''),
	('a8aa34674b98432ba52f21eb89928718', '1e9b10401f9042a69299f218b4ff731a', '0,1,d3540128e5cf4cdba2e960f98eab0f84,1e9b10401f9042a69299f218b4ff731a,', '贷款审批', 90, '/loan/auditlist', '', '', '1', '', '1', '2017-02-13 19:28:30', '1', '2017-02-13 19:28:30', '', '0', NULL),
	('ac73087b1f2341b788fd48af3ae1954f', '01e59988cc1d4dd88607620ba2970dc0', '0,1,71dd7b6ffaef4b458d686dd1178a067b,01e59988cc1d4dd88607620ba2970dc0,', '原料供应', 150, '/material/list', '', '', '1', '', '1', '2017-03-05 19:56:18', '1', '2017-03-05 19:56:18', '', '0', NULL),
	('afab2db430e2457f9cf3a11feaa8b869', '0ca004d6b1bf4bcab9670a5060d82a55', '0,1,79,3c92c17886944d0687e73e286cada573,0ca004d6b1bf4bcab9670a5060d82a55,', '编辑', 60, '', '', '', '0', 'test:testTree:edit', '1', '2013-08-12 13:10:05', '1', '2013-08-12 13:10:05', '', '1', ''),
	('b005cfcdc36e42139a0d6a80d8314357', '2e6d2d7076314c51aae555d863f3fca7', '0,1,65e9d6762cf549199f3c2512b2d9b266,2e6d2d7076314c51aae555d863f3fca7,', '看板', 120, '/task/task/tasks/main', '', '', '1', 'task:task:tasks:view,task:task:tasks:edit', '1', '2016-07-07 22:39:59', '1', '2016-07-07 22:39:59', '', '1', ''),
	('b1f6d1b86ba24365bae7fd86c5082317', '3c92c17886944d0687e73e286cada573', '0,1,79,3c92c17886944d0687e73e286cada573,', '主子表', 60, '/test/testDataMain', '', '', '1', '', '1', '2013-08-12 13:10:05', '1', '2013-08-12 13:10:05', '', '1', ''),
	('ba740671e1444399a166c3ea49cb63f9', '52826cc89a194d68abff56543c306a29', '0,1,52826cc89a194d68abff56543c306a29,', '商圈管理', 30, '', '', '', '1', '', '1', '2017-02-26 18:27:30', '1', '2017-02-26 18:28:21', '', '0', NULL),
	('ba8092291b40482db8fe7fc006ea3d76', '3c92c17886944d0687e73e286cada573', '0,1,79,3c92c17886944d0687e73e286cada573,', '单表', 30, '/test/testData', '', '', '1', '', '1', '2013-08-12 13:10:05', '1', '2013-08-12 13:10:05', '', '1', ''),
	('c2e4d9082a0b4386884a0b203afe2c5c', '0ca004d6b1bf4bcab9670a5060d82a55', '0,1,79,3c92c17886944d0687e73e286cada573,0ca004d6b1bf4bcab9670a5060d82a55,', '查看', 30, '', '', '', '0', 'test:testTree:view', '1', '2013-08-12 13:10:05', '1', '2013-08-12 13:10:05', '', '1', ''),
	('c34c40da7b8f4ba1ba06495cdbdce75e', '2e6d2d7076314c51aae555d863f3fca7', '0,1,65e9d6762cf549199f3c2512b2d9b266,2e6d2d7076314c51aae555d863f3fca7,', '我的项目', 30, '/project/project', '', '', '1', 'project:project:view,project:project:edit', '1', '2016-04-19 07:04:23', '1', '2016-04-19 07:07:59', '', '1', ''),
	('c63bf500d2ca4dd292d1bb7099edfec9', '01e59988cc1d4dd88607620ba2970dc0', '0,1,71dd7b6ffaef4b458d686dd1178a067b,01e59988cc1d4dd88607620ba2970dc0,', '租房信息', 90, '/rent/list', '', '', '0', '', '1', '2017-02-28 22:27:23', '1', '2017-03-05 20:43:35', '', '0', NULL),
	('c65a561d02a449e6803ceba850378952', 'ba740671e1444399a166c3ea49cb63f9', '0,1,52826cc89a194d68abff56543c306a29,ba740671e1444399a166c3ea49cb63f9,', '商圈列表', 30, '/quan/list', '', '', '1', '', '1', '2017-02-26 18:28:05', '1', '2017-02-26 18:28:05', '', '0', NULL),
	('d08a18be7e324e018eaf7336ca2ea980', '66282104315649688d7a0e21912df364', '0,1,66282104315649688d7a0e21912df364,', '商品管理', 30, '', '', '', '1', '', '1', '2017-03-19 15:26:39', '1', '2017-03-19 15:26:39', '', '0', NULL),
	('d15ec45a4c5449c3bbd7a61d5f9dd1d2', 'b1f6d1b86ba24365bae7fd86c5082317', '0,1,79,3c92c17886944d0687e73e286cada573,b1f6d1b86ba24365bae7fd86c5082317,', '编辑', 60, '', '', '', '0', 'test:testDataMain:edit', '1', '2013-08-12 13:10:05', '1', '2013-08-12 13:10:05', '', '1', ''),
	('d3540128e5cf4cdba2e960f98eab0f84', '1', '0,1,', '在线申请', 5060, '', '', '', '1', '', '1', '2016-04-20 06:33:20', '1', '2017-01-01 17:39:50', '', '0', ''),
	('df3f7ac1993b48298dec1ad708f7859c', '65e9d6762cf549199f3c2512b2d9b266', '0,1,65e9d6762cf549199f3c2512b2d9b266,', '方案管理', 90, '', '', '', '1', '', '1', '2016-04-20 07:05:16', '1', '2016-04-20 07:05:16', '', '1', ''),
	('df7ce823c5b24ff9bada43d992f373e2', 'ba8092291b40482db8fe7fc006ea3d76', '0,1,79,3c92c17886944d0687e73e286cada573,ba8092291b40482db8fe7fc006ea3d76,', '查看', 30, '', '', '', '0', 'test:testData:view', '1', '2013-08-12 13:10:05', '1', '2013-08-12 13:10:05', '', '1', ''),
	('e9cbf37b0ab54517973cba5dcd0dc80b', '1e9b10401f9042a69299f218b4ff731a', '0,1,d3540128e5cf4cdba2e960f98eab0f84,1e9b10401f9042a69299f218b4ff731a,', '预约存取款审批', 120, '/deposit/auditlist', '', '', '1', '', '1', '2017-02-13 19:29:21', '1', '2017-02-13 19:29:21', '', '0', NULL),
	('ee055aa2e382403c80407d71c568452b', 'df3f7ac1993b48298dec1ad708f7859c', '0,1,65e9d6762cf549199f3c2512b2d9b266,df3f7ac1993b48298dec1ad708f7859c,', '我的方案', 30, '/project/mySolution', '', '', '1', 'crm:companySolution:view,crm:companySolution:edit', '1', '2016-04-20 07:06:18', '1', '2016-09-16 14:06:10', '', '1', '');
/*!40000 ALTER TABLE `sys_menu` ENABLE KEYS */;

-- 导出  表 west-studio.sys_office 结构
CREATE TABLE IF NOT EXISTS `sys_office` (
  `id` varchar(64) NOT NULL COMMENT '编号',
  `parent_id` varchar(64) NOT NULL COMMENT '父级编号',
  `parent_ids` varchar(2000) NOT NULL COMMENT '所有父级编号',
  `name` varchar(100) NOT NULL COMMENT '名称',
  `sort` decimal(10,0) NOT NULL COMMENT '排序',
  `area_id` varchar(64) NOT NULL COMMENT '归属区域',
  `code` varchar(100) DEFAULT NULL COMMENT '区域编码',
  `type` char(1) NOT NULL COMMENT '机构类型',
  `grade` char(1) NOT NULL COMMENT '机构等级',
  `address` varchar(255) DEFAULT NULL COMMENT '联系地址',
  `zip_code` varchar(100) DEFAULT NULL COMMENT '邮政编码',
  `master` varchar(100) DEFAULT NULL COMMENT '负责人',
  `phone` varchar(200) DEFAULT NULL COMMENT '电话',
  `fax` varchar(200) DEFAULT NULL COMMENT '传真',
  `email` varchar(200) DEFAULT NULL COMMENT '邮箱',
  `USEABLE` varchar(64) DEFAULT NULL COMMENT '是否启用',
  `PRIMARY_PERSON` varchar(64) DEFAULT NULL COMMENT '主负责人',
  `DEPUTY_PERSON` varchar(64) DEFAULT NULL COMMENT '副负责人',
  `create_by` varchar(64) NOT NULL COMMENT '创建者',
  `create_date` datetime NOT NULL COMMENT '创建时间',
  `update_by` varchar(64) NOT NULL COMMENT '更新者',
  `update_date` datetime NOT NULL COMMENT '更新时间',
  `remarks` varchar(255) DEFAULT NULL COMMENT '备注信息',
  `del_flag` char(1) NOT NULL DEFAULT '0' COMMENT '删除标记',
  `work_area` varchar(64) NOT NULL DEFAULT '0' COMMENT '职场',
  PRIMARY KEY (`id`),
  KEY `sys_office_parent_id` (`parent_id`),
  KEY `sys_office_del_flag` (`del_flag`),
  KEY `sys_office_type` (`type`)
) ENGINE=InnoDB DEFAULT CHARSET=utf8 COMMENT='机构表';

-- 正在导出表  west-studio.sys_office 的数据：~48 rows (大约)
/*!40000 ALTER TABLE `sys_office` DISABLE KEYS */;
INSERT INTO `sys_office` (`id`, `parent_id`, `parent_ids`, `name`, `sort`, `area_id`, `code`, `type`, `grade`, `address`, `zip_code`, `master`, `phone`, `fax`, `email`, `USEABLE`, `PRIMARY_PERSON`, `DEPUTY_PERSON`, `create_by`, `create_date`, `update_by`, `update_date`, `remarks`, `del_flag`, `work_area`) VALUES
	('03cca3598fe74dfcacecdcf39a2d21e9', '1', '0,1,', '舜都支行', 30, '2', '20', '2', '1', '', '', '', '', '', '', '1', '', '', '1', '2017-02-09 11:50:40', '1', '2017-02-13 12:13:10', '', '0', 'f4acce5a30b44b8baa9720b7872dca87'),
	('1', '0', '0,', '永济农村商业银行', 10, '2', '100000', '1', '1', '', '', '', '', '', '', '1', '', '', '1', '2013-05-27 08:00:00', 'b9cfb70b41c049baa62058c11be2a03b', '2017-01-11 10:43:11', '', '0', 'f4acce5a30b44b8baa9720b7872dca87'),
	('10', '7', '0,1,7,', '市场部', 30, '3', '200003', '2', '2', NULL, NULL, NULL, NULL, NULL, NULL, '1', NULL, NULL, '1', '2013-05-27 08:00:00', '1', '2013-05-27 08:00:00', NULL, '1', '0'),
	('11', '7', '0,1,7,', '技术部', 40, '3', '200004', '2', '2', NULL, NULL, NULL, NULL, NULL, NULL, '1', NULL, NULL, '1', '2013-05-27 08:00:00', '1', '2013-05-27 08:00:00', NULL, '1', '0'),
	('12', '1', '0,1,', '58到家', 0, '4', '201000', '1', '3', '', '', '', '', '', '', '1', '', '', '1', '2013-05-27 08:00:00', 'b9cfb70b41c049baa62058c11be2a03b', '2016-04-10 14:00:14', '', '1', '0'),
	('13', '12', '0,1,12,', '公司领导', 10, '4', '201001', '2', '3', NULL, NULL, NULL, NULL, NULL, NULL, '1', NULL, NULL, '1', '2013-05-27 08:00:00', '1', '2013-05-27 08:00:00', NULL, '1', '0'),
	('14', '12', '0,1,12,', '综合部', 20, '4', '201002', '2', '3', NULL, NULL, NULL, NULL, NULL, NULL, '1', NULL, NULL, '1', '2013-05-27 08:00:00', '1', '2013-05-27 08:00:00', NULL, '1', '0'),
	('14b172bcdf324803a282b4bc6f600637', '1', '0,1,', '董村支行', 30, '2', '9', '2', '1', '', '', '', '', '', '', '1', '', '', '1', '2017-02-09 11:48:41', '1', '2017-02-13 12:10:35', '', '0', 'f4acce5a30b44b8baa9720b7872dca87'),
	('15', '12', '0,1,12,', '市场部', 30, '4', '201003', '2', '3', NULL, NULL, NULL, NULL, NULL, NULL, '1', NULL, NULL, '1', '2013-05-27 08:00:00', '1', '2013-05-27 08:00:00', NULL, '1', '0'),
	('16', '12', '0,1,12,', '技术部', 40, '4', '201004', '2', '3', NULL, NULL, NULL, NULL, NULL, NULL, '1', NULL, NULL, '1', '2013-05-27 08:00:00', '1', '2013-05-27 08:00:00', NULL, '1', '0'),
	('17', '1', '0,1,', '中华英才', 40, '5', '201010', '1', '3', '', '', '', '', '', '', '1', '', '', '1', '2013-05-27 08:00:00', 'b9cfb70b41c049baa62058c11be2a03b', '2016-04-10 14:00:58', '', '1', '0'),
	('18', '17', '0,1,17,', '公司领导', 10, '5', '201011', '2', '3', NULL, NULL, NULL, NULL, NULL, NULL, '1', NULL, NULL, '1', '2013-05-27 08:00:00', '1', '2013-05-27 08:00:00', NULL, '1', '0'),
	('19', '17', '0,1,17,', '综合部', 20, '5', '201012', '2', '3', NULL, NULL, NULL, NULL, NULL, NULL, '1', NULL, NULL, '1', '2013-05-27 08:00:00', '1', '2013-05-27 08:00:00', NULL, '1', '0'),
	('1da34362c0f54f26b9424516a188b3b7', '1', '0,1,', '张营支行', 30, '2', '15', '2', '1', '', '', '', '', '', '', '1', '', '', '1', '2017-02-09 11:49:47', '1', '2017-02-13 12:12:04', '', '0', 'f4acce5a30b44b8baa9720b7872dca87'),
	('1f90954d2c0a4152a43473b4bd962c8d', '1', '0,1,', '蒲州支行', 30, '2', '17', '2', '1', '', '', '', '', '', '', '1', '', '', '1', '2017-02-09 11:50:07', '1', '2017-02-13 12:12:30', '', '0', 'f4acce5a30b44b8baa9720b7872dca87'),
	('2', '1', '0,1,', '总行', 10, '2', '100001', '2', '1', '', '', '', '', '', '', '1', '', '', '1', '2013-05-27 08:00:00', 'b9cfb70b41c049baa62058c11be2a03b', '2017-01-08 20:30:22', '', '1', 'f4acce5a30b44b8baa9720b7872dca87'),
	('20', '17', '0,1,17,', '市场部', 30, '5', '201013', '2', '3', NULL, NULL, NULL, NULL, NULL, NULL, '1', NULL, NULL, '1', '2013-05-27 08:00:00', '1', '2013-05-27 08:00:00', NULL, '1', '0'),
	('21', '17', '0,1,17,', '技术部', 40, '5', '201014', '2', '3', NULL, NULL, NULL, NULL, NULL, NULL, '1', NULL, NULL, '1', '2013-05-27 08:00:00', '1', '2013-05-27 08:00:00', NULL, '1', '0'),
	('22', '1', '0,1,', '安居客', 50, '6', '201010', '1', '3', '', '', '', '', '', '', '1', '', '', '1', '2013-05-27 08:00:00', 'b9cfb70b41c049baa62058c11be2a03b', '2016-04-10 14:01:19', '', '1', '0'),
	('23', '22', '0,1,22,', '公司领导', 10, '6', '201011', '2', '3', NULL, NULL, NULL, NULL, NULL, NULL, '1', NULL, NULL, '1', '2013-05-27 08:00:00', '1', '2013-05-27 08:00:00', NULL, '1', '0'),
	('230c0e1343b042fdb550dab64a616074', '1', '0,1,', '赵柏支行', 30, '2', '4', '2', '1', '', '', '', '', '', 'yjzbzh@163.com', '1', '', '', '1', '2017-02-09 11:47:20', '1', '2017-02-13 12:08:42', '', '0', 'f4acce5a30b44b8baa9720b7872dca87'),
	('24', '22', '0,1,22,', '综合部', 20, '6', '201012', '2', '3', NULL, NULL, NULL, NULL, NULL, NULL, '1', NULL, NULL, '1', '2013-05-27 08:00:00', '1', '2013-05-27 08:00:00', NULL, '1', '0'),
	('25', '22', '0,1,22,', '市场部', 30, '6', '201013', '2', '3', NULL, NULL, NULL, NULL, NULL, NULL, '1', NULL, NULL, '1', '2013-05-27 08:00:00', '1', '2013-05-27 08:00:00', NULL, '1', '0'),
	('26', '22', '0,1,22,', '技术部', 40, '6', '201014', '2', '3', NULL, NULL, NULL, NULL, NULL, NULL, '1', NULL, NULL, '1', '2013-05-27 08:00:00', '1', '2013-05-27 08:00:00', NULL, '1', '0'),
	('3', '1', '0,1,', '综合部', 20, '2', '100002', '2', '1', NULL, NULL, NULL, NULL, NULL, NULL, '1', NULL, NULL, '1', '2013-05-27 08:00:00', '1', '2013-05-27 08:00:00', NULL, '1', '0'),
	('3350ecf69ef24b5c88c800fb00186a31', '1', '0,1,', '营业部​', 30, '2', '21', '2', '1', '', '', '', '', '', '', '1', '', '', '1', '2017-02-09 11:50:50', '1', '2017-02-13 12:13:19', '', '0', 'f4acce5a30b44b8baa9720b7872dca87'),
	('3b8bb9c76bb842e2bafc893d6cfd314b', '1', '0,1,', '首阳支行', 30, '2', '19', '2', '1', '', '', '', '', '', '', '1', '', '', '1', '2017-02-09 11:50:29', '1', '2017-02-13 12:12:54', '', '0', 'f4acce5a30b44b8baa9720b7872dca87'),
	('4', '1', '0,1,', '城关支行', 30, '2', '1', '2', '1', '', '', '', '', '', '', '1', '', '', '1', '2013-05-27 08:00:00', '1', '2017-02-13 13:18:03', '', '0', '7cfb3e74e2574d83af0338bc1ad9cc45'),
	('41adf81eaeea42d7b5abee723f738190', '1', '0,1,', '于乡支行', 30, '2', '7', '2', '1', '', '', '', '', '', 'yjyxxys@163.com', '1', '', '', '1', '2017-02-09 11:48:21', '1', '2017-02-13 12:09:48', '', '0', 'f4acce5a30b44b8baa9720b7872dca87'),
	('4342521135b648d8935701164f0e409a', '1', '0,1,', '信息系统部', 30, '2', '100000010', '2', '1', '', '', '', '', '', '', '1', '', '', 'b9cfb70b41c049baa62058c11be2a03b', '2016-04-10 14:03:46', 'b9cfb70b41c049baa62058c11be2a03b', '2016-04-10 14:03:46', '', '1', '0'),
	('5', '1', '0,1,', '技术部', 40, '2', '100004', '2', '1', NULL, NULL, NULL, NULL, NULL, NULL, '1', NULL, NULL, '1', '2013-05-27 08:00:00', '1', '2013-05-27 08:00:00', NULL, '1', '0'),
	('55c8a010bedc4c5fa5be922f0ddf8404', '1', '0,1,', '郭李支行', 30, '2', '6', '2', '1', '', '', '', '', '', 'yjglxys@163.com', '1', '', '', '1', '2017-02-09 11:47:55', '1', '2017-02-13 12:09:23', '', '0', 'f4acce5a30b44b8baa9720b7872dca87'),
	('577381a494e643d28337f5fab13ace20', '1', '0,1,', '文学支行', 30, '2', '16', '2', '1', '', '', '', '', '', '', '1', '', '', '1', '2017-02-09 11:49:56', '1', '2017-02-13 12:12:16', '', '0', 'f4acce5a30b44b8baa9720b7872dca87'),
	('5cb3e0139f4b4b8da68ea9f1faec0849', '1', '0,1,', '城西支行', 30, '2', '2', '2', '1', '', '', '', '', '', '', '1', '', '', 'b9cfb70b41c049baa62058c11be2a03b', '2017-01-08 20:31:48', '1', '2017-02-13 12:04:01', '', '0', 'f4acce5a30b44b8baa9720b7872dca87'),
	('5fd23c43d90a477d864043c434e15696', '1', '0,1,', '卿头支行', 30, '2', '10', '2', '1', '', '', '', '', '', '', '1', '', '', '1', '2017-02-09 11:48:51', '1', '2017-02-13 12:10:51', '', '0', 'f4acce5a30b44b8baa9720b7872dca87'),
	('6', '1', '0,1,', '研发部', 50, '2', '100005', '2', '1', NULL, NULL, NULL, NULL, NULL, NULL, '1', NULL, NULL, '1', '2013-05-27 08:00:00', '1', '2013-05-27 08:00:00', NULL, '1', '0'),
	('60324211c4504bc7bf7c4e04a23752e0', '1', '0,1,', '总行', 30, '2', '', '2', '1', '', '', '', '', '', '', '1', '', '', '1', '2017-02-09 11:56:45', '1', '2017-02-13 20:08:49', '', '0', 'eadd5f39cb6a43308b69e1a4e8c70ad8'),
	('66adf8ac34da41c4b39e526203111351', '1', '0,1,', '城北支行', 30, '2', '3', '2', '1', '', '', '', '', '', '', '1', '', '', '1', '2017-02-09 11:46:33', '1', '2017-02-13 12:02:40', '', '0', 'f4acce5a30b44b8baa9720b7872dca87'),
	('7', '1', '0,1,', '赶集网', 20, '3', '200000', '1', '2', '', '', '', '', '', '', '1', '', '', '1', '2013-05-27 08:00:00', '1', '2016-04-10 19:54:59', '', '1', '5081f3fba81d483b85174013b943b8eb'),
	('71453440ca204a118ee2575eefdd06c9', '1', '0,1,', '开张支行', 30, '2', '12', '2', '1', '', '', '', '', '', '', '1', '', '', '1', '2017-02-09 11:49:18', '1', '2017-02-13 12:11:20', '', '0', 'f4acce5a30b44b8baa9720b7872dca87'),
	('8', '7', '0,1,7,', '公司领导', 10, '3', '200001', '2', '2', NULL, NULL, NULL, NULL, NULL, NULL, '1', NULL, NULL, '1', '2013-05-27 08:00:00', '1', '2013-05-27 08:00:00', NULL, '1', '0'),
	('9', '7', '0,1,7,', '综合部', 20, '3', '200002', '2', '2', NULL, NULL, NULL, NULL, NULL, NULL, '1', NULL, NULL, '1', '2013-05-27 08:00:00', '1', '2013-05-27 08:00:00', NULL, '1', '0'),
	('92dbe45db74748f193f0419d180dd4ee', '1', '0,1,', '常青支行', 30, '2', '14', '2', '1', '', '', '', '', '', '', '1', '', '', '1', '2017-02-09 11:49:35', '1', '2017-02-13 12:11:50', '', '0', 'f4acce5a30b44b8baa9720b7872dca87'),
	('9fab23719996435bb06adc72aa14610c', '1', '0,1,', '任阳支行', 30, '2', '5', '2', '1', '', '', '', '', '', '', '1', '', '', '1', '2017-02-09 11:47:32', '1', '2017-02-13 12:09:04', '', '0', 'f4acce5a30b44b8baa9720b7872dca87'),
	('ae89d77a21d143949c33b95ac431e27f', '1', '0,1,', '清华支行', 30, '2', '8', '2', '1', '', '', '', '', '', '', '1', '', '', '1', '2017-02-09 11:48:32', '1', '2017-02-13 12:10:15', '', '0', 'f4acce5a30b44b8baa9720b7872dca87'),
	('b9548297e9434c158924de168a524157', '1', '0,1,', '黄营支行', 30, '2', '11', '2', '1', '', '', '', '', '', '', '1', '', '', '1', '2017-02-09 11:49:10', '1', '2017-02-13 12:11:06', '', '0', 'f4acce5a30b44b8baa9720b7872dca87'),
	('e561a1ab370a4bdea578e5e3a8d1e36f', '1', '0,1,', '栲栳支行', 30, '2', '13', '2', '1', '', '', '', '', '', '', '1', '', '', '1', '2017-02-09 11:49:26', '1', '2017-02-13 12:11:35', '', '0', 'f4acce5a30b44b8baa9720b7872dca87'),
	('f99e620a82354b5f8a41509af7028561', '1', '0,1,', '韩阳支行', 30, '2', '18', '2', '1', '', '', '', '', '', '', '1', '', '', '1', '2017-02-09 11:50:17', '1', '2017-02-13 12:12:41', '', '0', 'f4acce5a30b44b8baa9720b7872dca87');
/*!40000 ALTER TABLE `sys_office` ENABLE KEYS */;

-- 导出  表 west-studio.sys_role 结构
CREATE TABLE IF NOT EXISTS `sys_role` (
  `id` varchar(64) NOT NULL COMMENT '编号',
  `office_id` varchar(64) DEFAULT NULL COMMENT '归属机构',
  `name` varchar(100) NOT NULL COMMENT '角色名称',
  `enname` varchar(255) DEFAULT NULL COMMENT '英文名称',
  `role_type` varchar(255) DEFAULT NULL COMMENT '角色类型',
  `data_scope` char(1) DEFAULT NULL COMMENT '数据范围',
  `is_sys` varchar(64) DEFAULT NULL COMMENT '是否系统数据',
  `useable` varchar(64) DEFAULT NULL COMMENT '是否可用',
  `create_by` varchar(64) NOT NULL COMMENT '创建者',
  `create_date` datetime NOT NULL COMMENT '创建时间',
  `update_by` varchar(64) NOT NULL COMMENT '更新者',
  `update_date` datetime NOT NULL COMMENT '更新时间',
  `remarks` varchar(255) DEFAULT NULL COMMENT '备注信息',
  `del_flag` char(1) NOT NULL DEFAULT '0' COMMENT '删除标记',
  PRIMARY KEY (`id`),
  KEY `sys_role_del_flag` (`del_flag`),
  KEY `sys_role_enname` (`enname`)
) ENGINE=InnoDB DEFAULT CHARSET=utf8 COMMENT='角色表';

-- 正在导出表  west-studio.sys_role 的数据：~9 rows (大约)
/*!40000 ALTER TABLE `sys_role` DISABLE KEYS */;
INSERT INTO `sys_role` (`id`, `office_id`, `name`, `enname`, `role_type`, `data_scope`, `is_sys`, `useable`, `create_by`, `create_date`, `update_by`, `update_date`, `remarks`, `del_flag`) VALUES
	('1', '60324211c4504bc7bf7c4e04a23752e0', '系统管理员', 'dept', 'assignment', '1', '1', '1', '1', '2013-05-27 08:00:00', '1', '2017-02-14 18:39:23', '', '0'),
	('2', '2', '公司管理员', 'hr', 'assignment', '2', '1', '1', '1', '2013-05-27 08:00:00', '1', '2016-04-10 17:58:20', '', '1'),
	('3', '2', '本公司管理员', 'a', 'assignment', '3', '1', '1', '1', '2013-05-27 08:00:00', '1', '2016-04-10 17:56:51', '', '1'),
	('4', '1', '部门管理员', 'b', 'assignment', '4', NULL, '1', '1', '2013-05-27 08:00:00', '1', '2013-05-27 08:00:00', NULL, '0'),
	('5', '60324211c4504bc7bf7c4e04a23752e0', '本部门管理员', 'c', 'assignment', '5', '1', '1', '1', '2013-05-27 08:00:00', '1', '2017-02-14 12:25:05', '', '0'),
	('6', '60324211c4504bc7bf7c4e04a23752e0', '审核员', 'd', 'assignment', '1', '1', '1', '1', '2013-05-27 08:00:00', '1', '2017-02-14 10:27:16', '', '0'),
	('7', '7', '济南市管理员', 'e', 'assignment', '9', NULL, '1', '1', '2013-05-27 08:00:00', '1', '2013-05-27 08:00:00', NULL, '1'),
	('a63a345457e643ef9236e97d474ce13d', '2', '代码生产者', 'code_worker', 'user', '3', '1', '1', '1', '2016-09-07 21:05:24', '1', '2016-09-07 21:05:24', '生产代码', '1'),
	('ce0ad760801e417ba0a805ec6f61b591', '60324211c4504bc7bf7c4e04a23752e0', '普通员工', 'employee', 'assignment', '8', '1', '1', '1', '2017-02-14 12:22:59', '1', '2017-02-14 12:22:59', '', '0');
/*!40000 ALTER TABLE `sys_role` ENABLE KEYS */;

-- 导出  表 west-studio.sys_role_menu 结构
CREATE TABLE IF NOT EXISTS `sys_role_menu` (
  `role_id` varchar(64) NOT NULL COMMENT '角色编号',
  `menu_id` varchar(64) NOT NULL COMMENT '菜单编号',
  PRIMARY KEY (`role_id`,`menu_id`)
) ENGINE=InnoDB DEFAULT CHARSET=utf8 COMMENT='角色-菜单';

-- 正在导出表  west-studio.sys_role_menu 的数据：~285 rows (大约)
/*!40000 ALTER TABLE `sys_role_menu` DISABLE KEYS */;
INSERT INTO `sys_role_menu` (`role_id`, `menu_id`) VALUES
	('1', '06aed88ade4d40029b4d7d4a7b30354e'),
	('1', '1'),
	('1', '10'),
	('1', '11'),
	('1', '12'),
	('1', '13'),
	('1', '14'),
	('1', '15'),
	('1', '16'),
	('1', '17'),
	('1', '18'),
	('1', '19'),
	('1', '1e9b10401f9042a69299f218b4ff731a'),
	('1', '2'),
	('1', '20'),
	('1', '21'),
	('1', '22'),
	('1', '23'),
	('1', '24'),
	('1', '27'),
	('1', '28'),
	('1', '29'),
	('1', '3'),
	('1', '30'),
	('1', '31'),
	('1', '32'),
	('1', '33'),
	('1', '34'),
	('1', '35'),
	('1', '36'),
	('1', '37'),
	('1', '38'),
	('1', '39'),
	('1', '3cf76c76ed694e16bae9bc3fffd20b9f'),
	('1', '3f143b2174ca4deda70537845bcbcda8'),
	('1', '4'),
	('1', '40'),
	('1', '41'),
	('1', '42'),
	('1', '43'),
	('1', '44'),
	('1', '45'),
	('1', '46'),
	('1', '47'),
	('1', '48'),
	('1', '49'),
	('1', '5'),
	('1', '50'),
	('1', '51'),
	('1', '52'),
	('1', '53'),
	('1', '54'),
	('1', '55'),
	('1', '6'),
	('1', '60'),
	('1', '61'),
	('1', '67'),
	('1', '68'),
	('1', '6c40ee070c924396a40d9df90613a68c'),
	('1', '6eb2ce42320e44799770ca377fd110e8'),
	('1', '7'),
	('1', '8'),
	('1', '84'),
	('1', '85'),
	('1', '9'),
	('1', 'd3540128e5cf4cdba2e960f98eab0f84'),
	('2', '1'),
	('2', '10'),
	('2', '11'),
	('2', '12'),
	('2', '13'),
	('2', '14'),
	('2', '15'),
	('2', '16'),
	('2', '17'),
	('2', '18'),
	('2', '19'),
	('2', '2'),
	('2', '20'),
	('2', '21'),
	('2', '22'),
	('2', '23'),
	('2', '24'),
	('2', '27'),
	('2', '28'),
	('2', '29'),
	('2', '3'),
	('2', '30'),
	('2', '31'),
	('2', '32'),
	('2', '33'),
	('2', '34'),
	('2', '35'),
	('2', '36'),
	('2', '37'),
	('2', '38'),
	('2', '39'),
	('2', '3cf76c76ed694e16bae9bc3fffd20b9f'),
	('2', '3f143b2174ca4deda70537845bcbcda8'),
	('2', '4'),
	('2', '40'),
	('2', '41'),
	('2', '42'),
	('2', '43'),
	('2', '44'),
	('2', '45'),
	('2', '46'),
	('2', '47'),
	('2', '48'),
	('2', '49'),
	('2', '5'),
	('2', '50'),
	('2', '51'),
	('2', '52'),
	('2', '53'),
	('2', '54'),
	('2', '55'),
	('2', '56'),
	('2', '57'),
	('2', '58'),
	('2', '59'),
	('2', '6'),
	('2', '60'),
	('2', '61'),
	('2', '62'),
	('2', '63'),
	('2', '64'),
	('2', '65'),
	('2', '66'),
	('2', '67'),
	('2', '68'),
	('2', '69'),
	('2', '6c40ee070c924396a40d9df90613a68c'),
	('2', '7'),
	('2', '70'),
	('2', '72'),
	('2', '73'),
	('2', '74'),
	('2', '79'),
	('2', '8'),
	('2', '80'),
	('2', '81'),
	('2', '82'),
	('2', '84'),
	('2', '85'),
	('2', '88'),
	('2', '89'),
	('2', '9'),
	('2', '90'),
	('3', '1'),
	('3', '10'),
	('3', '11'),
	('3', '12'),
	('3', '13'),
	('3', '14'),
	('3', '15'),
	('3', '16'),
	('3', '17'),
	('3', '18'),
	('3', '19'),
	('3', '2'),
	('3', '20'),
	('3', '21'),
	('3', '22'),
	('3', '23'),
	('3', '24'),
	('3', '27'),
	('3', '28'),
	('3', '29'),
	('3', '3'),
	('3', '30'),
	('3', '31'),
	('3', '32'),
	('3', '33'),
	('3', '34'),
	('3', '35'),
	('3', '36'),
	('3', '37'),
	('3', '38'),
	('3', '39'),
	('3', '3cf76c76ed694e16bae9bc3fffd20b9f'),
	('3', '3f143b2174ca4deda70537845bcbcda8'),
	('3', '4'),
	('3', '40'),
	('3', '41'),
	('3', '42'),
	('3', '43'),
	('3', '44'),
	('3', '45'),
	('3', '46'),
	('3', '47'),
	('3', '48'),
	('3', '49'),
	('3', '5'),
	('3', '50'),
	('3', '51'),
	('3', '52'),
	('3', '53'),
	('3', '54'),
	('3', '55'),
	('3', '56'),
	('3', '57'),
	('3', '58'),
	('3', '59'),
	('3', '6'),
	('3', '60'),
	('3', '61'),
	('3', '62'),
	('3', '63'),
	('3', '64'),
	('3', '65'),
	('3', '66'),
	('3', '67'),
	('3', '68'),
	('3', '69'),
	('3', '6c40ee070c924396a40d9df90613a68c'),
	('3', '7'),
	('3', '70'),
	('3', '72'),
	('3', '73'),
	('3', '74'),
	('3', '79'),
	('3', '8'),
	('3', '80'),
	('3', '81'),
	('3', '82'),
	('3', '84'),
	('3', '85'),
	('3', '88'),
	('3', '89'),
	('3', '9'),
	('3', '90'),
	('5', '1'),
	('5', '1e9b10401f9042a69299f218b4ff731a'),
	('5', 'a8aa34674b98432ba52f21eb89928718'),
	('5', 'd3540128e5cf4cdba2e960f98eab0f84'),
	('5', 'e9cbf37b0ab54517973cba5dcd0dc80b'),
	('6', '1'),
	('6', '1e9b10401f9042a69299f218b4ff731a'),
	('6', '27'),
	('6', '28'),
	('6', '29'),
	('6', '30'),
	('6', 'a8aa34674b98432ba52f21eb89928718'),
	('6', 'd3540128e5cf4cdba2e960f98eab0f84'),
	('6', 'e9cbf37b0ab54517973cba5dcd0dc80b'),
	('a63a345457e643ef9236e97d474ce13d', '0b2ebd4d639e4c2b83c2dd0764522f24'),
	('a63a345457e643ef9236e97d474ce13d', '0ca004d6b1bf4bcab9670a5060d82a55'),
	('a63a345457e643ef9236e97d474ce13d', '0df5ec9380c94c8493a0dd0f9cad48a4'),
	('a63a345457e643ef9236e97d474ce13d', '1'),
	('a63a345457e643ef9236e97d474ce13d', '177a51da25434d5899cf38d886280524'),
	('a63a345457e643ef9236e97d474ce13d', '203efe371ffb412e9ff336a3f70caa44'),
	('a63a345457e643ef9236e97d474ce13d', '27'),
	('a63a345457e643ef9236e97d474ce13d', '28'),
	('a63a345457e643ef9236e97d474ce13d', '29'),
	('a63a345457e643ef9236e97d474ce13d', '2e6d2d7076314c51aae555d863f3fca7'),
	('a63a345457e643ef9236e97d474ce13d', '30'),
	('a63a345457e643ef9236e97d474ce13d', '306f8c94d4d541a68b5e6051e57b41d1'),
	('a63a345457e643ef9236e97d474ce13d', '322c313fa46f4a12929bf412ab96e3d2'),
	('a63a345457e643ef9236e97d474ce13d', '3c92c17886944d0687e73e286cada573'),
	('a63a345457e643ef9236e97d474ce13d', '4855cf3b25c244fb8500a380db189d97'),
	('a63a345457e643ef9236e97d474ce13d', '56'),
	('a63a345457e643ef9236e97d474ce13d', '57'),
	('a63a345457e643ef9236e97d474ce13d', '58'),
	('a63a345457e643ef9236e97d474ce13d', '59'),
	('a63a345457e643ef9236e97d474ce13d', '65e9d6762cf549199f3c2512b2d9b266'),
	('a63a345457e643ef9236e97d474ce13d', '6ecba3266e8e44b0b579d3619a4b59c5'),
	('a63a345457e643ef9236e97d474ce13d', '79'),
	('a63a345457e643ef9236e97d474ce13d', '80'),
	('a63a345457e643ef9236e97d474ce13d', '81'),
	('a63a345457e643ef9236e97d474ce13d', '82'),
	('a63a345457e643ef9236e97d474ce13d', 'a63b3f4317a24a9c96cc085930feef7e'),
	('a63a345457e643ef9236e97d474ce13d', 'afab2db430e2457f9cf3a11feaa8b869'),
	('a63a345457e643ef9236e97d474ce13d', 'b005cfcdc36e42139a0d6a80d8314357'),
	('a63a345457e643ef9236e97d474ce13d', 'b1f6d1b86ba24365bae7fd86c5082317'),
	('a63a345457e643ef9236e97d474ce13d', 'ba8092291b40482db8fe7fc006ea3d76'),
	('a63a345457e643ef9236e97d474ce13d', 'c2e4d9082a0b4386884a0b203afe2c5c'),
	('a63a345457e643ef9236e97d474ce13d', 'c34c40da7b8f4ba1ba06495cdbdce75e'),
	('a63a345457e643ef9236e97d474ce13d', 'd15ec45a4c5449c3bbd7a61d5f9dd1d2'),
	('a63a345457e643ef9236e97d474ce13d', 'df7ce823c5b24ff9bada43d992f373e2'),
	('ce0ad760801e417ba0a805ec6f61b591', '1'),
	('ce0ad760801e417ba0a805ec6f61b591', '27'),
	('ce0ad760801e417ba0a805ec6f61b591', '28'),
	('ce0ad760801e417ba0a805ec6f61b591', '29'),
	('ce0ad760801e417ba0a805ec6f61b591', '30');
/*!40000 ALTER TABLE `sys_role_menu` ENABLE KEYS */;

-- 导出  表 west-studio.sys_role_office 结构
CREATE TABLE IF NOT EXISTS `sys_role_office` (
  `role_id` varchar(64) NOT NULL COMMENT '角色编号',
  `office_id` varchar(64) NOT NULL COMMENT '机构编号',
  PRIMARY KEY (`role_id`,`office_id`)
) ENGINE=InnoDB DEFAULT CHARSET=utf8 COMMENT='角色-机构';

-- 正在导出表  west-studio.sys_role_office 的数据：~20 rows (大约)
/*!40000 ALTER TABLE `sys_role_office` DISABLE KEYS */;
INSERT INTO `sys_role_office` (`role_id`, `office_id`) VALUES
	('7', '10'),
	('7', '11'),
	('7', '12'),
	('7', '13'),
	('7', '14'),
	('7', '15'),
	('7', '16'),
	('7', '17'),
	('7', '18'),
	('7', '19'),
	('7', '20'),
	('7', '21'),
	('7', '22'),
	('7', '23'),
	('7', '24'),
	('7', '25'),
	('7', '26'),
	('7', '7'),
	('7', '8'),
	('7', '9');
/*!40000 ALTER TABLE `sys_role_office` ENABLE KEYS */;

-- 导出  表 west-studio.sys_user 结构
CREATE TABLE IF NOT EXISTS `sys_user` (
  `id` varchar(64) NOT NULL COMMENT '编号',
  `company_id` varchar(64) NOT NULL COMMENT '归属公司',
  `office_id` varchar(64) NOT NULL COMMENT '归属部门',
  `login_name` varchar(100) NOT NULL COMMENT '登录名',
  `password` varchar(100) NOT NULL COMMENT '密码',
  `no` varchar(100) DEFAULT NULL COMMENT '工号',
  `name` varchar(100) NOT NULL COMMENT '姓名',
  `email` varchar(200) DEFAULT NULL COMMENT '邮箱',
  `phone` varchar(200) DEFAULT NULL COMMENT '电话',
  `mobile` varchar(200) DEFAULT NULL COMMENT '手机',
  `user_type` char(1) DEFAULT NULL COMMENT '用户类型',
  `photo` varchar(1000) DEFAULT NULL COMMENT '用户头像',
  `login_ip` varchar(100) DEFAULT NULL COMMENT '最后登陆IP',
  `login_date` datetime DEFAULT NULL COMMENT '最后登陆时间',
  `login_flag` varchar(64) DEFAULT NULL COMMENT '是否可登录',
  `create_by` varchar(64) NOT NULL COMMENT '创建者',
  `create_date` datetime NOT NULL COMMENT '创建时间',
  `update_by` varchar(64) NOT NULL COMMENT '更新者',
  `update_date` datetime NOT NULL COMMENT '更新时间',
  `remarks` varchar(255) DEFAULT NULL COMMENT '备注信息',
  `del_flag` char(1) NOT NULL DEFAULT '0' COMMENT '删除标记',
  PRIMARY KEY (`id`),
  KEY `sys_user_office_id` (`office_id`),
  KEY `sys_user_login_name` (`login_name`),
  KEY `sys_user_company_id` (`company_id`),
  KEY `sys_user_update_date` (`update_date`),
  KEY `sys_user_del_flag` (`del_flag`)
) ENGINE=InnoDB DEFAULT CHARSET=utf8 COMMENT='用户表';

-- 正在导出表  west-studio.sys_user 的数据：~38 rows (大约)
/*!40000 ALTER TABLE `sys_user` DISABLE KEYS */;
INSERT INTO `sys_user` (`id`, `company_id`, `office_id`, `login_name`, `password`, `no`, `name`, `email`, `phone`, `mobile`, `user_type`, `photo`, `login_ip`, `login_date`, `login_flag`, `create_by`, `create_date`, `update_by`, `update_date`, `remarks`, `del_flag`) VALUES
	('09ddcaa65f074b498ef7627e8a0d1a44', '1', '71453440ca204a118ee2575eefdd06c9', '693361', '73b1ffa6f8daf0b85e93ce0a2665c49c23cfe45aea23b54d2c75155a', '693361', '马宏海', '', '8125213', '', '3', '', NULL, NULL, '1', 'b9cfb70b41c049baa62058c11be2a03b', '2017-02-14 10:57:49', '1', '2017-02-14 12:24:04', '', '0'),
	('0c28751fea5e49bd90220588b9be301b', '1', 'f99e620a82354b5f8a41509af7028561', '693016', '99c98e8a4397f09e064413a82b97a264bcd71a4d2fd3db9221bf44c3', '693016', '王晓宝', '', '8302018', '', '3', '', NULL, NULL, '1', 'b9cfb70b41c049baa62058c11be2a03b', '2017-02-14 11:07:19', '1', '2017-02-14 12:24:04', '', '0'),
	('1', '1', '60324211c4504bc7bf7c4e04a23752e0', 'thinkgem', 'aa1fda5880c1f30d85b5360432da3b9053fd0f16e839934c8312b6a5', '0001', '系统管理员', 'thinkgem@163.com', '8675', '8675', '', NULL, '0:0:0:0:0:0:0:1', '2017-03-26 15:22:07', '1', '1', '2013-05-27 08:00:00', '1', '2017-02-28 22:32:09', '最高管理员', '0'),
	('10', '7', '11', 'jn_jsb', '02a3f0772fcca9f415adc990734b45c6f059c7d33ee28362c4852032', '0010', '济南技术部', NULL, NULL, NULL, NULL, NULL, NULL, NULL, '1', '1', '2013-05-27 08:00:00', '1', '2013-05-27 08:00:00', NULL, '1'),
	('11', '12', '13', 'lc_admin', '02a3f0772fcca9f415adc990734b45c6f059c7d33ee28362c4852032', '0011', '济南历城领导', NULL, NULL, NULL, NULL, NULL, NULL, NULL, '1', '1', '2013-05-27 08:00:00', '1', '2013-05-27 08:00:00', NULL, '1'),
	('1152e051ee484ae782c4f1024c8849ed', '1', '230c0e1343b042fdb550dab64a616074', '693115', '139bc08f1cb708cfa13f934e148e78f9aa54477147b4aaf719451fbc', '693115', '任亚军', '', '8098106', '', '3', '', NULL, NULL, '1', 'b9cfb70b41c049baa62058c11be2a03b', '2017-02-14 11:12:03', '1', '2017-02-14 12:24:04', '', '0'),
	('12', '12', '18', 'lx_admin', '02a3f0772fcca9f415adc990734b45c6f059c7d33ee28362c4852032', '0012', '济南历下领导', NULL, NULL, NULL, NULL, NULL, NULL, NULL, '1', '1', '2013-05-27 08:00:00', '1', '2013-05-27 08:00:00', NULL, '1'),
	('13', '22', '23', 'gx_admin', '02a3f0772fcca9f415adc990734b45c6f059c7d33ee28362c4852032', '0013', '济南高新领导', NULL, NULL, NULL, NULL, NULL, NULL, NULL, '1', '1', '2013-05-27 08:00:00', '1', '2013-05-27 08:00:00', NULL, '1'),
	('2', '1', '60324211c4504bc7bf7c4e04a23752e0', 'loanaudit', '220bc7ded29c48adb10cec6ba63a6230cf29178713d491639bb7739d', '0002', '申贷管理员', 'yjncsyyh@163.com', '8036266', '', '3', '', '103.41.52.232', '2017-02-14 16:43:08', '1', '1', '2013-05-27 08:00:00', 'b9cfb70b41c049baa62058c11be2a03b', '2017-02-10 09:23:26', '管理贷款申请', '0'),
	('21eaf0f04d8c40848f59672300973496', '1', '5cb3e0139f4b4b8da68ea9f1faec0849', '693058', '4d83b8ffcbdba267a701f2304ec50c2bd7a868f8df41b3cb61bcf730', '693058', '李军', '', '8058038', '', '3', '', NULL, NULL, '1', 'b9cfb70b41c049baa62058c11be2a03b', '2017-02-14 11:08:50', '1', '2017-02-14 12:24:04', '', '0'),
	('3', '1', '3', 'sd_zhb', '02a3f0772fcca9f415adc990734b45c6f059c7d33ee28362c4852032', '0003', '综合部', NULL, NULL, NULL, NULL, NULL, NULL, NULL, '1', '1', '2013-05-27 08:00:00', '1', '2013-05-27 08:00:00', NULL, '1'),
	('31fe7c442cb64f2983044747f9946c74', '1', '03cca3598fe74dfcacecdcf39a2d21e9', '693094', '9d302a3c0a1fa24d820823a84fd2899e9a178e8fcf67b663c654c4f3', '693094', '任登', '', '8366656', '', '3', '', NULL, NULL, '1', 'b9cfb70b41c049baa62058c11be2a03b', '2017-02-14 11:09:35', '1', '2017-02-14 12:24:04', '', '0'),
	('3f4ec8999bb34de3a4cf52ffee9534f8', '1', '577381a494e643d28337f5fab13ace20', '693152', '89df9dc6c1cf9313c0b31fc1b0eb3811d4f42f3f01d01f62172063ec', '693152', '武荆涛', '', '8480147', '', '3', '', NULL, NULL, '1', 'b9cfb70b41c049baa62058c11be2a03b', '2017-02-14 11:05:27', '1', '2017-02-14 12:24:04', '', '0'),
	('4', '1', '4', 'sd_scb', '02a3f0772fcca9f415adc990734b45c6f059c7d33ee28362c4852032', '0004', '市场部', NULL, NULL, NULL, NULL, NULL, NULL, NULL, '1', '1', '2013-05-27 08:00:00', '1', '2013-05-27 08:00:00', NULL, '1'),
	('450e485901bb471d950cc47c47c13428', '1', '2', 'codeworker', 'b7164c45b23f6d7bc228b4f9c289423d04aba97b0d92e6450783dc40', 'x001', '代码工人', '', '', '', '', '', '0:0:0:0:0:0:0:1', '2016-09-07 21:23:47', '1', '1', '2016-09-07 21:06:32', '1', '2016-09-07 21:06:32', '', '1'),
	('4db2fd04ce89433bbcad525d7d377540', '1', '9fab23719996435bb06adc72aa14610c', '693126', '65efc3b0ce1fd8334e7951c04f51e5ccf1a8eae988cf265dce035c32', '693126', '任豪杰', '', '8063490', '', '3', '', NULL, NULL, '1', 'b9cfb70b41c049baa62058c11be2a03b', '2017-02-14 11:12:45', '1', '2017-02-14 12:24:04', '', '0'),
	('4eea5b8c1bc549ba82695c68991aec56', '1', '5fd23c43d90a477d864043c434e15696', '693156', '64df804e27f978ce02818ba8842d7328eec30df23bb1181b9f4bf2c1', '693156', '程伟', '', '8398255', '', '3', '', NULL, NULL, '1', 'b9cfb70b41c049baa62058c11be2a03b', '2017-02-14 10:49:14', '1', '2017-02-14 12:24:04', '', '0'),
	('5', '1', '5', 'sd_jsb', '02a3f0772fcca9f415adc990734b45c6f059c7d33ee28362c4852032', '0005', '技术部', NULL, NULL, NULL, NULL, NULL, NULL, NULL, '1', '1', '2013-05-27 08:00:00', '1', '2013-05-27 08:00:00', NULL, '1'),
	('5601c2cf55894273a39fb253ebfe0eb6', '1', '14b172bcdf324803a282b4bc6f600637', '693177', '0a457f267b9317378c937b646dd6da9f6dbd49ca051cc742084b3bc6', '693177', '兰凯凯', '', '8114228', '', '3', '', NULL, NULL, '1', 'b9cfb70b41c049baa62058c11be2a03b', '2017-02-14 11:15:41', '1', '2017-02-14 12:24:04', '', '0'),
	('5e455d699b0e4e09b7446af94942a080', '1', '4', 'test_audit', '1154057d79b9a9911fa4689c4bb6cde1b40480b821f5659660115592', '010011', '测试审批员', '', '', '', '', '', '103.41.52.232', '2017-02-14 12:52:12', '1', '1', '2017-02-14 12:52:05', '1', '2017-02-14 12:52:05', '', '0'),
	('6', '1', '6', 'sd_yfb', '02a3f0772fcca9f415adc990734b45c6f059c7d33ee28362c4852032', '0006', '研发部', NULL, NULL, NULL, NULL, NULL, NULL, NULL, '1', '1', '2013-05-27 08:00:00', '1', '2013-05-27 08:00:00', NULL, '1'),
	('603e942c31cf4d759aa78c93155c4989', '1', '4', '693357', '90c27f172a8bb752e2e0d032352cfdf2e917292a4606af356d04c458', '693357', '罗丰虎', '', '8023035', '', '3', '', NULL, NULL, '1', 'b9cfb70b41c049baa62058c11be2a03b', '2017-02-14 10:48:26', '1', '2017-02-14 12:24:04', '', '0'),
	('7', '7', '8', 'jn_admin', '02a3f0772fcca9f415adc990734b45c6f059c7d33ee28362c4852032', '0007', '济南领导', NULL, NULL, NULL, NULL, NULL, NULL, NULL, '1', '1', '2013-05-27 08:00:00', '1', '2017-01-07 23:56:48', NULL, '1'),
	('77d46dcdc52c445bbe461f58b0ccda64', '1', '55c8a010bedc4c5fa5be922f0ddf8404', '693047', '5f5e61ac4b9de8bf99df01c92fcc9a1e658f985eb53e58e5e3fe5572', '693047', '高向梅', '', '8293157', '', '3', '', NULL, NULL, '1', 'b9cfb70b41c049baa62058c11be2a03b', '2017-02-14 11:13:24', '1', '2017-02-14 12:24:04', '', '0'),
	('8', '7', '9', 'jn_zhb', '02a3f0772fcca9f415adc990734b45c6f059c7d33ee28362c4852032', '0008', '济南综合部', NULL, NULL, NULL, NULL, NULL, NULL, NULL, '1', '1', '2013-05-27 08:00:00', '1', '2017-01-07 23:56:48', NULL, '1'),
	('82721952b0a14b0cbd7d963c7f5eeb46', '1', 'e561a1ab370a4bdea578e5e3a8d1e36f', '693124', '5886993793d790a466092ab10542ff018b0ca0d99c62c0ce8ffaaf76', '693124', '赵晋轩', '', '8128232', '', '3', '', NULL, NULL, '1', 'b9cfb70b41c049baa62058c11be2a03b', '2017-02-14 10:59:04', '1', '2017-02-14 12:24:04', '', '0'),
	('9', '7', '10', 'jn_scb', '02a3f0772fcca9f415adc990734b45c6f059c7d33ee28362c4852032', '0009', '济南市场部', NULL, NULL, NULL, NULL, NULL, NULL, NULL, '1', '1', '2013-05-27 08:00:00', '1', '2013-05-27 08:00:00', NULL, '1'),
	('9881c2d5423f4e058908a54c9494e605', '1', '3b8bb9c76bb842e2bafc893d6cfd314b', '693305', 'cc28fe4b79147d06cc311e97576959e884275d557f0279e766b2e293', '693305', '尚增强', '', '8300014', '', '3', '', NULL, NULL, '1', 'b9cfb70b41c049baa62058c11be2a03b', '2017-02-14 11:08:09', '1', '2017-02-14 12:24:04', '', '0'),
	('9b366a62eaa449218b55e09ff110ce4b', '1', 'ae89d77a21d143949c33b95ac431e27f', '693419', '897ed8175f385da7758165e153b2816fb049cae85d644d9542724e49', '693419', '谢笼', '', '8112853', '', '3', '', NULL, NULL, '1', 'b9cfb70b41c049baa62058c11be2a03b', '2017-02-14 11:14:51', '1', '2017-02-14 12:24:04', '', '0'),
	('9b7ffc033f5646d69b82ad4b69052db1', '1', '1da34362c0f54f26b9424516a188b3b7', '693302', '7bb862a943775df3c393649b3714e54507c7481ba1192ca3df8fccab', '693302', '冯海波', '', '8130207', '', '3', '', NULL, NULL, '1', 'b9cfb70b41c049baa62058c11be2a03b', '2017-02-14 11:04:28', '1', '2017-02-14 12:24:04', '', '0'),
	('b349b4d670104d12be374b628153b7bd', '1', 'b9548297e9434c158924de168a524157', '693133', 'f092bb2f95301e9b5997672541df7cad2c425cd9cf946e6afeb272b0', '693133', '樊兴', '', '8421056', '', '3', '', NULL, NULL, '1', 'b9cfb70b41c049baa62058c11be2a03b', '2017-02-14 10:56:56', '1', '2017-02-14 12:24:04', '', '0'),
	('b75db8dcbc144ed8a34db0dda6762589', '1', '1f90954d2c0a4152a43473b4bd962c8d', '693239', '15a3d861fd8936e45dd654397d7e770ae6a1ff8bbde0da52ebc8a693', '693239', '柳佳良', '', '8462980', '', '3', '', NULL, NULL, '1', 'b9cfb70b41c049baa62058c11be2a03b', '2017-02-14 11:06:26', '1', '2017-02-14 12:24:04', '', '0'),
	('b9cfb70b41c049baa62058c11be2a03b', '1', '60324211c4504bc7bf7c4e04a23752e0', 'admin', 'cbde1a938ffe8579c6efccb760bafdfa0a225cc37a023d74cdf33d88', '1001', 'admin', 'yjnshwssc@163.com', '8039032', '', '1', '', '0:0:0:0:0:0:0:1', '2017-02-26 18:25:37', '1', '1', '2016-04-10 13:54:02', 'b9cfb70b41c049baa62058c11be2a03b', '2017-02-10 09:28:38', '', '0'),
	('d05253e570d1486d86d162a85655f8d6', '1', '66adf8ac34da41c4b39e526203111351', '693018', '366b253bf113a14011906a89c8013281be0237ef512229b71b1c3377', '693018', '杨明明', '', '8031245', '', '3', '', NULL, NULL, '1', 'b9cfb70b41c049baa62058c11be2a03b', '2017-02-14 11:10:58', '1', '2017-02-14 12:24:04', '', '0'),
	('d41c597f248d4d2bb71160ba29946165', '1', '41adf81eaeea42d7b5abee723f738190', '693301', '3335fa9f81f9eccdeaf56b8e79b7d3c1d68057dd0aa52347b08c1864', '693301', '赵琦', '', '8108213', '', '3', '', NULL, NULL, '1', 'b9cfb70b41c049baa62058c11be2a03b', '2017-02-14 11:14:11', '1', '2017-02-14 12:24:04', '', '0'),
	('d59e2a73764343d884f95b214b4de50a', '1', '60324211c4504bc7bf7c4e04a23752e0', '693087', 'caaaf20b5e39ec19451ee6b43116f415ce7958112fbdb9cc86561b13', '693087', '肖永谦', '', '8036266', '', '1', '', '103.41.52.232', '2017-02-14 16:54:59', '1', 'b9cfb70b41c049baa62058c11be2a03b', '2017-02-14 16:54:44', 'b9cfb70b41c049baa62058c11be2a03b', '2017-02-14 16:54:44', '', '0'),
	('e4749dc75bc64db68f7ce78e716f0b64', '1', '3350ecf69ef24b5c88c800fb00186a31', '693319', '9dfb7672c2994dae6df170102d412617067bba0a52ee3432a19ddf73', '693319', '毛芒', '', '8028073', '', '3', '', NULL, NULL, '1', 'b9cfb70b41c049baa62058c11be2a03b', '2017-02-14 11:10:13', '1', '2017-02-14 12:24:04', '', '0'),
	('f8bc29c74bea4fdbb374be382a8d491a', '1', '92dbe45db74748f193f0419d180dd4ee', '693271', '3ecd53da931cfec50bf13a71fe719580fa2142112749fe59d5600a3c', '693271', '晋澄', '', '8127437', '', '3', '', NULL, NULL, '1', 'b9cfb70b41c049baa62058c11be2a03b', '2017-02-14 11:00:29', '1', '2017-02-14 12:24:04', '', '0');
/*!40000 ALTER TABLE `sys_user` ENABLE KEYS */;

-- 导出  表 west-studio.sys_user_role 结构
CREATE TABLE IF NOT EXISTS `sys_user_role` (
  `user_id` varchar(64) NOT NULL COMMENT '用户编号',
  `role_id` varchar(64) NOT NULL COMMENT '角色编号',
  PRIMARY KEY (`user_id`,`role_id`)
) ENGINE=InnoDB DEFAULT CHARSET=utf8 COMMENT='用户-角色';

-- 正在导出表  west-studio.sys_user_role 的数据：~71 rows (大约)
/*!40000 ALTER TABLE `sys_user_role` DISABLE KEYS */;
INSERT INTO `sys_user_role` (`user_id`, `role_id`) VALUES
	('09ddcaa65f074b498ef7627e8a0d1a44', '5'),
	('09ddcaa65f074b498ef7627e8a0d1a44', 'ce0ad760801e417ba0a805ec6f61b591'),
	('0c28751fea5e49bd90220588b9be301b', '5'),
	('0c28751fea5e49bd90220588b9be301b', 'ce0ad760801e417ba0a805ec6f61b591'),
	('1', '1'),
	('10', '2'),
	('11', '3'),
	('1152e051ee484ae782c4f1024c8849ed', '5'),
	('1152e051ee484ae782c4f1024c8849ed', 'ce0ad760801e417ba0a805ec6f61b591'),
	('12', '4'),
	('13', '5'),
	('14', '6'),
	('2', '6'),
	('21eaf0f04d8c40848f59672300973496', '5'),
	('21eaf0f04d8c40848f59672300973496', 'ce0ad760801e417ba0a805ec6f61b591'),
	('3', '2'),
	('31fe7c442cb64f2983044747f9946c74', '5'),
	('31fe7c442cb64f2983044747f9946c74', 'ce0ad760801e417ba0a805ec6f61b591'),
	('3f4ec8999bb34de3a4cf52ffee9534f8', '5'),
	('3f4ec8999bb34de3a4cf52ffee9534f8', 'ce0ad760801e417ba0a805ec6f61b591'),
	('4', '3'),
	('450e485901bb471d950cc47c47c13428', 'a63a345457e643ef9236e97d474ce13d'),
	('4db2fd04ce89433bbcad525d7d377540', '5'),
	('4db2fd04ce89433bbcad525d7d377540', 'ce0ad760801e417ba0a805ec6f61b591'),
	('4eea5b8c1bc549ba82695c68991aec56', '5'),
	('4eea5b8c1bc549ba82695c68991aec56', 'ce0ad760801e417ba0a805ec6f61b591'),
	('5', '4'),
	('5601c2cf55894273a39fb253ebfe0eb6', '5'),
	('5601c2cf55894273a39fb253ebfe0eb6', 'ce0ad760801e417ba0a805ec6f61b591'),
	('5e455d699b0e4e09b7446af94942a080', '5'),
	('5e455d699b0e4e09b7446af94942a080', 'ce0ad760801e417ba0a805ec6f61b591'),
	('6', '5'),
	('603e942c31cf4d759aa78c93155c4989', '5'),
	('603e942c31cf4d759aa78c93155c4989', 'ce0ad760801e417ba0a805ec6f61b591'),
	('7', '2'),
	('7', '6'),
	('7', '7'),
	('77d46dcdc52c445bbe461f58b0ccda64', '5'),
	('77d46dcdc52c445bbe461f58b0ccda64', 'ce0ad760801e417ba0a805ec6f61b591'),
	('8', '2'),
	('8', '6'),
	('82721952b0a14b0cbd7d963c7f5eeb46', '5'),
	('82721952b0a14b0cbd7d963c7f5eeb46', 'ce0ad760801e417ba0a805ec6f61b591'),
	('9', '1'),
	('9881c2d5423f4e058908a54c9494e605', '5'),
	('9881c2d5423f4e058908a54c9494e605', 'ce0ad760801e417ba0a805ec6f61b591'),
	('9b366a62eaa449218b55e09ff110ce4b', '5'),
	('9b366a62eaa449218b55e09ff110ce4b', 'ce0ad760801e417ba0a805ec6f61b591'),
	('9b7ffc033f5646d69b82ad4b69052db1', '5'),
	('9b7ffc033f5646d69b82ad4b69052db1', 'ce0ad760801e417ba0a805ec6f61b591'),
	('b349b4d670104d12be374b628153b7bd', '5'),
	('b349b4d670104d12be374b628153b7bd', 'ce0ad760801e417ba0a805ec6f61b591'),
	('b75db8dcbc144ed8a34db0dda6762589', '5'),
	('b75db8dcbc144ed8a34db0dda6762589', 'ce0ad760801e417ba0a805ec6f61b591'),
	('b9cfb70b41c049baa62058c11be2a03b', '1'),
	('b9cfb70b41c049baa62058c11be2a03b', '4'),
	('b9cfb70b41c049baa62058c11be2a03b', '5'),
	('b9cfb70b41c049baa62058c11be2a03b', '6'),
	('d05253e570d1486d86d162a85655f8d6', '5'),
	('d05253e570d1486d86d162a85655f8d6', 'ce0ad760801e417ba0a805ec6f61b591'),
	('d41c597f248d4d2bb71160ba29946165', '5'),
	('d41c597f248d4d2bb71160ba29946165', 'ce0ad760801e417ba0a805ec6f61b591'),
	('d59e2a73764343d884f95b214b4de50a', '1'),
	('d59e2a73764343d884f95b214b4de50a', '4'),
	('d59e2a73764343d884f95b214b4de50a', '5'),
	('d59e2a73764343d884f95b214b4de50a', '6'),
	('d59e2a73764343d884f95b214b4de50a', 'ce0ad760801e417ba0a805ec6f61b591'),
	('e4749dc75bc64db68f7ce78e716f0b64', '5'),
	('e4749dc75bc64db68f7ce78e716f0b64', 'ce0ad760801e417ba0a805ec6f61b591'),
	('f8bc29c74bea4fdbb374be382a8d491a', '5'),
	('f8bc29c74bea4fdbb374be382a8d491a', 'ce0ad760801e417ba0a805ec6f61b591');
/*!40000 ALTER TABLE `sys_user_role` ENABLE KEYS */;

-- 导出  表 west-studio.sys_work_area 结构
CREATE TABLE IF NOT EXISTS `sys_work_area` (
  `id` varchar(64) NOT NULL COMMENT '编号',
  `parent_id` varchar(64) NOT NULL COMMENT '父级编号',
  `parent_ids` varchar(2000) NOT NULL COMMENT '所有父级编号',
  `name` varchar(100) NOT NULL COMMENT '名称',
  `sort` decimal(10,0) NOT NULL COMMENT '排序',
  `code` varchar(100) DEFAULT NULL COMMENT '区域编码',
  `type` char(1) DEFAULT NULL COMMENT '区域类型',
  `create_by` varchar(64) NOT NULL COMMENT '创建者',
  `create_date` datetime NOT NULL COMMENT '创建时间',
  `update_by` varchar(64) NOT NULL COMMENT '更新者',
  `update_date` datetime NOT NULL COMMENT '更新时间',
  `remarks` varchar(255) DEFAULT NULL COMMENT '备注信息',
  `del_flag` char(1) NOT NULL DEFAULT '0' COMMENT '删除标记',
  PRIMARY KEY (`id`),
  KEY `sys_area_parent_id` (`parent_id`),
  KEY `sys_area_del_flag` (`del_flag`)
) ENGINE=InnoDB DEFAULT CHARSET=utf8 ROW_FORMAT=DYNAMIC COMMENT='区域表';

-- 正在导出表  west-studio.sys_work_area 的数据：~23 rows (大约)
/*!40000 ALTER TABLE `sys_work_area` DISABLE KEYS */;
INSERT INTO `sys_work_area` (`id`, `parent_id`, `parent_ids`, `name`, `sort`, `code`, `type`, `create_by`, `create_date`, `update_by`, `update_date`, `remarks`, `del_flag`) VALUES
	('134e9c35a20d477c97aee6f02c826310', 'f4acce5a30b44b8baa9720b7872dca87', '0,f4acce5a30b44b8baa9720b7872dca87,', '清华支行', 240, '8', '', '1', '2017-02-13 18:59:46', '1', '2017-02-13 18:59:46', '', '0'),
	('1712af9f9b6b4ba3938d2bb305b5b1b6', 'f4acce5a30b44b8baa9720b7872dca87', '0,f4acce5a30b44b8baa9720b7872dca87,', '栲栳支行', 390, '13', '', '1', '2017-02-13 19:00:24', '1', '2017-02-13 19:00:24', '', '0'),
	('1eba8b7e22f640ce8e7840eab02a6a73', 'f4acce5a30b44b8baa9720b7872dca87', '0,f4acce5a30b44b8baa9720b7872dca87,', '蒲州支行', 510, '17', '', '1', '2017-02-13 19:00:52', '1', '2017-02-13 19:00:52', '', '0'),
	('2a060ac87872401f8a550896ce85c06d', 'f4acce5a30b44b8baa9720b7872dca87', '0,f4acce5a30b44b8baa9720b7872dca87,', '于乡支行', 210, '7', '', '1', '2017-02-13 18:59:37', '1', '2017-02-13 18:59:37', '', '0'),
	('2c4e9d72c8e34e53a74921c80d04ad34', 'f4acce5a30b44b8baa9720b7872dca87', '0,f4acce5a30b44b8baa9720b7872dca87,', '董村支行', 270, '9', '', '1', '2017-02-13 18:59:53', '1', '2017-02-13 18:59:53', '', '0'),
	('2da0391cbc074ed9812c8d640c16f266', 'f4acce5a30b44b8baa9720b7872dca87', '0,f4acce5a30b44b8baa9720b7872dca87,', '文学支行', 480, '16', '', '1', '2017-02-13 19:00:44', '1', '2017-02-13 19:00:44', '', '0'),
	('337ba3e4e2e74d6a9af5ef5dccf42a28', 'f4acce5a30b44b8baa9720b7872dca87', '0,f4acce5a30b44b8baa9720b7872dca87,', '黄营支行', 330, '11', '', '1', '2017-02-13 19:00:07', '1', '2017-02-13 19:00:07', '', '0'),
	('4545a51c66ff4b34a07b63fc8e2c2101', 'f4acce5a30b44b8baa9720b7872dca87', '0,f4acce5a30b44b8baa9720b7872dca87,', '卿头支行', 300, '10', '', '1', '2017-02-13 19:00:00', '1', '2017-02-13 19:00:00', '', '0'),
	('4990cdc3340d46dea7f754d9db357550', 'f4acce5a30b44b8baa9720b7872dca87', '0,f4acce5a30b44b8baa9720b7872dca87,', '城北支行', 90, '3', '', '1', '2017-02-13 18:59:04', '1', '2017-02-13 18:59:04', '', '0'),
	('4e36be62587543809896f48d63cc0f3a', 'f4acce5a30b44b8baa9720b7872dca87', '0,f4acce5a30b44b8baa9720b7872dca87,', '张营支行', 450, '15', '', '1', '2017-02-13 19:00:38', '1', '2017-02-13 19:00:38', '', '0'),
	('53ed5e5a523b415a9f7481319de5079f', '0', '0,', '天津', 30, '', '', '1', '2017-01-07 23:43:20', '1', '2017-01-07 23:43:20', '', '1'),
	('7cfb3e74e2574d83af0338bc1ad9cc45', 'f4acce5a30b44b8baa9720b7872dca87', '0,f4acce5a30b44b8baa9720b7872dca87,', '城关支行', 30, '1', '', '1', '2017-02-13 13:17:52', '1', '2017-02-13 13:17:52', '', '0'),
	('a9a16d8a6c9242c6870eb42a117ffcf9', 'f4acce5a30b44b8baa9720b7872dca87', '0,f4acce5a30b44b8baa9720b7872dca87,', '郭李支行', 180, '6', '', '1', '2017-02-13 18:59:28', '1', '2017-02-13 18:59:28', '', '0'),
	('acfe094a1bce4408bf7e6b64adeb499d', 'f4acce5a30b44b8baa9720b7872dca87', '0,f4acce5a30b44b8baa9720b7872dca87,', '城西支行', 60, '2', '', '1', '2017-02-13 18:58:55', '1', '2017-02-13 18:58:55', '', '0'),
	('c2b8b02760ed4dae8f23f1aa1dfc0d04', 'f4acce5a30b44b8baa9720b7872dca87', '0,f4acce5a30b44b8baa9720b7872dca87,', '韩阳支行', 540, '18', '', '1', '2017-02-13 19:01:00', '1', '2017-02-13 19:01:00', '', '0'),
	('c7b1f13061964257bf8af5f9b51e110e', 'f4acce5a30b44b8baa9720b7872dca87', '0,f4acce5a30b44b8baa9720b7872dca87,', '营业部', 630, '21', '', '1', '2017-02-13 19:01:25', '1', '2017-02-13 19:01:25', '', '0'),
	('d5568d3d3ec14e92974ed7a9080c5dc7', 'f4acce5a30b44b8baa9720b7872dca87', '0,f4acce5a30b44b8baa9720b7872dca87,', '开张支行', 360, '12', '', '1', '2017-02-13 19:00:14', '1', '2017-02-13 19:00:14', '', '0'),
	('e04ad77500434e96bf56389022758452', 'f4acce5a30b44b8baa9720b7872dca87', '0,f4acce5a30b44b8baa9720b7872dca87,', '常青支行', 420, '14', '', '1', '2017-02-13 19:00:31', '1', '2017-02-13 19:00:31', '', '0'),
	('e58dfe1e600644f8a01bf2b6f2d3a166', 'f4acce5a30b44b8baa9720b7872dca87', '0,f4acce5a30b44b8baa9720b7872dca87,', '舜都支行', 600, '20', '', '1', '2017-02-13 19:01:18', '1', '2017-02-13 19:01:18', '', '0'),
	('e8abb5ee556746a5bff9a9175ab1fad4', 'f4acce5a30b44b8baa9720b7872dca87', '0,f4acce5a30b44b8baa9720b7872dca87,', '赵柏支行', 120, '4', '', '1', '2017-02-13 18:59:12', '1', '2017-02-13 18:59:12', '', '0'),
	('eadd5f39cb6a43308b69e1a4e8c70ad8', 'f4acce5a30b44b8baa9720b7872dca87', '0,f4acce5a30b44b8baa9720b7872dca87,', '任阳支行', 150, '5', '', '1', '2017-02-13 18:59:21', '1', '2017-02-13 18:59:21', '', '0'),
	('f1ec818432f149949130ed33cf598efa', 'f4acce5a30b44b8baa9720b7872dca87', '0,f4acce5a30b44b8baa9720b7872dca87,', '首阳支行', 570, '19', '', '1', '2017-02-13 19:01:09', '1', '2017-02-13 19:01:09', '', '0'),
	('f4acce5a30b44b8baa9720b7872dca87', '0', '0,', '永济总行', 30, '', '', '1', '2017-01-07 23:43:12', '1', '2017-02-13 19:02:18', '', '0');
/*!40000 ALTER TABLE `sys_work_area` ENABLE KEYS */;

/*!40101 SET SQL_MODE=IFNULL(@OLD_SQL_MODE, '') */;
/*!40014 SET FOREIGN_KEY_CHECKS=IF(@OLD_FOREIGN_KEY_CHECKS IS NULL, 1, @OLD_FOREIGN_KEY_CHECKS) */;
/*!40101 SET CHARACTER_SET_CLIENT=@OLD_CHARACTER_SET_CLIENT */;
